signal_date,strategy_leg,ts_code,name,buy_date,exit_rule,hold_offset,matched_condition_profile_ids,fill_probability,planned_buy_amount,available_fill_amount,status,exit_date,stock_return_before_fees,entry_reference_price,entry_price,exit_reference_price,exit_price,buy_adj_factor,sell_adj_factor,position_scale,account_return,entry_filled,position_opened,outcome_observable,position_open_until,action_date
20230926,A,301251.SZ,威尔高,20230927,FIXED_T2_CLOSE,2,A_FD_1PCT_2PCT_NON_ONE_WORD_FALLBACK,1.0,412500.0,203946710.46373725,OK,20230928,-0.0614802981610186,52.18,52.23217999999999,49.07,49.02093,1.0,1.0,1.0,-0.0516041617735942,True,True,True,20230928,20230927
20230927,A,300690.SZ,双一科技,20230928,FIXED_T2_CLOSE,2,A_FD_0_5PCT_1PCT,1.0,412500.0,277177186.542385,OK,20231009,-0.0213988412959255,17.49,17.507489999999997,17.15,17.132849999999998,2.717,2.717,1.0,-0.0185637442934425,True,True,True,20231009,20230928
20231018,A,300180.SZ,华峰超纤,20231019,FIXED_T2_CLOSE,2,A_FD_0_5PCT_1PCT,1.0,412500.0,1311124506.421136,OK,20231020,-0.0276976242641479,4.66,4.66466,4.54,4.53546,7.028,7.028,1.0,-0.0237560310805075,True,True,True,20231020,20231019
20231031,A,300269.SZ,联建光电,20231101,FIXED_T2_CLOSE,2,A_FD_0_3PCT_0_5PCT,1.0,412500.0,355952287.60220224,OK,20231102,0.0602429828236279,4.65,4.65465,4.94,4.93506,4.233,4.233,1.0,0.0487362034562211,True,True,True,20231102,20231101
20231102,A,301091.SZ,深城交,20231103,FIXED_T2_CLOSE,2,A_FD_0_5PCT_1PCT,1.0,412500.0,387986228.648,OK,20231106,0.0400864196044918,23.24,23.263239999999996,24.22,24.19578,1.976,1.976,1.0,0.0321205084238051,True,True,True,20231106,20231103
20231116,A,300637.SZ,扬帆新材,20231117,FIXED_T2_CLOSE,2,A_FD_0_3PCT_0_5PCT,1.0,412500.0,401062659.560457,OK,20231120,-0.0036408036408034,12.15,12.16215,12.13,12.11787,1.983,1.983,1.0,-0.0039252300366298,True,True,True,20231120,20231117
20231117,A,300242.SZ,佳云科技,20231120,FIXED_T2_CLOSE,2,A_FD_1PCT_2PCT_NON_ONE_WORD_FALLBACK,1.0,412500.0,269414768.35684896,OK,20231121,0.1553792361484671,5.2,5.2052,6.02,6.013979999999999,5.154,5.154,1.0,0.1271600376479291,True,True,True,20231121,20231120
20231124,A,300697.SZ,电工合金,20231127,FIXED_T2_CLOSE,2,A_FD_1PCT_2PCT_NON_ONE_WORD_FALLBACK,1.0,412500.0,277277889.39134,OK,20231128,-0.0868916749693706,14.93,14.944929999999998,13.66,13.64634,2.286,2.286,1.0,-0.0725515664879325,True,True,True,20231128,20231127
20231129,A,300351.SZ,永贵电器,20231130,FIXED_T2_CLOSE,2,A_FD_0_3PCT_0_5PCT,1.0,412500.0,845471041.562428,OK,20231201,0.0275081440298834,23.0,23.022999999999996,23.68,23.65632,4.49,4.49,1.0,0.0217518365074058,True,True,True,20231201,20231130
20231201,A,300418.SZ,昆仑万维,20231204,FIXED_T2_CLOSE,2,A_FD_0_5PCT_1PCT,1.0,412500.0,4791208833.922442,OK,20231205,-0.0781146835160339,39.99,40.02999,36.94,36.90306,4.042,4.042,1.0,-0.0653164137634683,True,True,True,20231205,20231204
20231205,A,300560.SZ,中富通,20231206,FIXED_T2_CLOSE,2,A_FD_1PCT_2PCT_NON_ONE_WORD_FALLBACK,1.0,412500.0,142168511.276535,OK,20231207,-0.0334350649350646,20.0,20.019999999999996,19.37,19.35063,2.772,2.772,1.0,-0.0284855855892854,True,True,True,20231207,20231206
20231215,A,300781.SZ,因赛集团,20231218,FIXED_T2_CLOSE,2,A_FD_0_3PCT_0_5PCT,1.0,412500.0,541811570.088828,OK,20231219,0.1397061356493407,49.3,49.34929999999999,56.3,56.2437,1.344,1.344,1.0,0.1142402032855584,True,True,True,20231219,20231218
20231221,A,300530.SZ,领湃科技,20231222,FIXED_T2_CLOSE,2,A_FD_0_5PCT_1PCT,1.0,412500.0,343993746.06047094,OK,20231225,0.3822278412604178,20.26,20.28026,28.06,28.03194,2.407,2.407,1.0,0.3141585452849224,True,True,True,20231225,20231222
20231226,A,300505.SZ,川金诺,20231227,FIXED_T2_CLOSE,2,A_FD_1PCT_2PCT_NON_ONE_WORD_FALLBACK,1.0,412500.0,281377547.871908,OK,20231228,0.0207677649107984,16.22,16.236219999999996,16.59,16.57341,2.008,2.008,1.0,0.016195527992507,True,True,True,20231228,20231227
20231228,A,300751.SZ,迈为股份,20231229,FIXED_T2_CLOSE,2,A_FD_0_3PCT_0_5PCT,1.0,412500.0,2849348099.7900376,OK,20240102,-0.0449195916865088,133.0,133.13299999999998,127.28,127.15272,4.696,4.696,1.0,-0.0379526456242252,True,True,True,20240102,20231229
20240102,A,300478.SZ,杭州高新,20240103,FIXED_T2_CLOSE,2,A_FD_1PCT_2PCT_NON_ONE_WORD_FALLBACK,1.0,412500.0,252014901.97979796,OK,20240104,-0.0857743189522002,15.01,15.025009999999998,13.75,13.73625,1.929,1.929,1.0,-0.0716304944469253,True,True,True,20240104,20240103
20240112,A,300197.SZ,节能铁汉,20240115,FIXED_T2_CLOSE,2,A_FD_0_5PCT_1PCT,1.0,412500.0,204843143.514528,OK,20240116,-0.049936962600718,2.29,2.29229,2.18,2.17782,31.695,31.695,1.0,-0.0420886237703344,True,True,True,20240116,20240115
20240228,A,301138.SZ,华研精机,20240229,FIXED_T2_CLOSE,2,A_FD_0_5PCT_1PCT,1.0,412500.0,137064654.3,OK,20240301,0.024948051948052,30.0,30.03,30.81,30.77919,1.0544,1.0544,1.0,0.0196414713214286,True,True,True,20240301,20240229
20240308,A,300810.SZ,中科海讯,20240311,FIXED_T2_CLOSE,2,A_FD_0_5PCT_1PCT,1.0,412500.0,285356421.191008,OK,20240312,-0.0344663336663333,18.75,18.768749999999997,18.14,18.12186,1.508,1.508,1.0,-0.0293356931472524,True,True,True,20240312,20240311
20240319,A,300913.SZ,兆龙互连,20240320,FIXED_T2_CLOSE,2,A_FD_0_5PCT_1PCT,1.0,412500.0,1030916945.11071,OK,20240321,0.0742349217048012,41.5,41.54149999999999,44.67,44.62533,2.126,2.126,1.0,0.0602702029200318,True,True,True,20240321,20240320
20240327,A,300261.SZ,雅本化学,20240328,FIXED_T2_CLOSE,2,A_FD_0_5PCT_1PCT,1.0,412500.0,813198015.3996391,OK,20240329,0.0575418899282536,7.04,7.047039999999999,7.46,7.45254,9.306,9.306,1.0,0.0465096068228646,True,True,True,20240329,20240328
20240403,A,301500.SZ,飞南资源,20240408,FIXED_T2_CLOSE,2,A_FD_0_3PCT_0_5PCT,1.0,412500.0,144800257.8608,OK,20240409,0.0062886571911844,27.7,27.727699999999995,27.93,27.90207,1.0,1.0,1.0,0.0042599397875591,True,True,True,20240409,20240408
20240430,A,300177.SZ,中海达,20240506,FIXED_T2_CLOSE,2,A_FD_1PCT_2PCT_NON_ONE_WORD_FALLBACK,1.0,412500.0,367086423.03803754,OK,20240507,0.0522567561194171,6.99,6.996989999999999,7.37,7.36263,12.276,12.276,1.0,0.0421529032212423,True,True,True,20240507,20240506
20240520,A,300162.SZ,雷曼光电,20240521,FIXED_T2_CLOSE,2,A_FD_0_5PCT_1PCT,1.0,412500.0,200774560.64552897,OK,20240522,0.5053895684147787,7.14,7.1471399999999985,10.77,10.75923,5.29,5.29,1.0,0.4156846673630991,True,True,True,20240522,20240521
20240703,A,300120.SZ,经纬辉开,20240704,FIXED_T2_CLOSE,2,A_FD_0_3PCT_0_5PCT,1.0,412500.0,423246759.027534,OK,20240705,0.0828321678321679,6.0,6.005999999999999,6.51,6.50349,3.424,3.424,1.0,0.0673571858653847,True,True,True,20240705,20240704
20240712,A,300582.SZ,英飞特,20240715,FIXED_T2_CLOSE,2,A_FD_0_5PCT_1PCT,1.0,412500.0,297729367.6006,OK,20240716,0.0380421985236427,9.97,9.97997,10.37,10.35963,2.328,2.328,1.0,0.0304353920828418,True,True,True,20240716,20240715
20240802,A,300149.SZ,睿智医药,20240805,FIXED_T2_CLOSE,2,A_FD_0_5PCT_1PCT,1.0,412500.0,179516266.956483,OK,20240806,0.27490428646498,5.19,5.19519,6.63,6.6233699999999995,6.558,6.558,1.0,0.2256883315441782,True,True,True,20240806,20240805
20240805,A,300329.SZ,海伦钢琴,20240806,FIXED_T2_CLOSE,2,A_FD_0_5PCT_1PCT,1.0,412500.0,157422899.827652,OK,20240807,0.0068534569643217,4.51,4.51451,4.55,4.54545,3.732,3.732,1.0,0.004725522172949,True,True,True,20240807,20240806
20240807,A,300342.SZ,天银机电,20240808,FIXED_T2_CLOSE,2,A_FD_1PCT_2PCT_NON_ONE_WORD_FALLBACK,1.0,412500.0,865500946.7796599,OK,20240809,-0.1304778199226033,16.39,16.40639,14.28,14.26572,4.444,4.444,1.0,-0.1084810096329844,True,True,True,20240809,20240808
20240903,A,300068.SZ,南都电源,20240904,FIXED_T2_CLOSE,2,A_FD_0_5PCT_1PCT,1.0,412500.0,1863089553.8124468,OK,20240905,0.0630325365338397,11.51,11.52151,12.26,12.24774,2.6134,2.6134,1.0,0.051035721147879,True,True,True,20240905,20240904
20240906,A,300905.SZ,宝丽迪,20240909,FIXED_T2_CLOSE,2,A_FD_0_5PCT_1PCT,1.0,412500.0,459976227.3953301,OK,20240910,0.1377222777222777,26.5,26.5265,30.21,30.17979,2.14,2.14,1.0,0.1126048462087912,True,True,True,20240910,20240909
20240910,A,300134.SZ,大富科技,20240911,FIXED_T2_CLOSE,2,A_FD_0_5PCT_1PCT,1.0,412500.0,1455624898.1410189,OK,20240912,0.0707452547452549,11.25,11.26125,12.07,12.05793,4.327,4.327,1.0,0.0573935596483518,True,True,True,20240912,20240911
20240913,A,300072.SZ,海新能科,20240918,FIXED_T2_CLOSE,2,A_FD_0_5PCT_1PCT,1.0,412500.0,560736819.590986,OK,20240919,-0.0288500736931229,2.23,2.23223,2.17,2.16783,20.403,20.403,1.0,-0.024706031735081,True,True,True,20240919,20240918
20240920,A,300085.SZ,银之杰,20240923,FIXED_T2_CLOSE,2,A_FD_0_5PCT_1PCT,1.0,412500.0,1691995659.0452209,OK,20240924,0.2383052241875773,12.75,12.76275,15.82,15.80418,10.985,10.985,1.0,0.1955185624886879,True,True,True,20240924,20240923
20241114,A,300386.SZ,飞天诚信,20241115,FIXED_T2_CLOSE,2,A_FD_0_5PCT_1PCT,1.0,412500.0,688405548.539014,OK,20241118,-0.1426255562619196,19.8,19.819799999999997,17.01,16.992990000000002,4.516,4.516,1.0,-0.1184947743881116,True,True,True,20241118,20241115
20241217,A,300739.SZ,明阳电路,20241218,FIXED_T2_CLOSE,2,A_FD_0_5PCT_1PCT,1.0,412500.0,717013248.344477,OK,20241219,0.0412902605415974,16.83,16.846829999999997,17.56,17.54244,2.527,2.527,1.0,0.0331128727302109,True,True,True,20241219,20241218
20241223,A,301071.SZ,力量钻石,20241224,FIXED_T2_CLOSE,2,A_FD_0_5PCT_1PCT,1.0,412500.0,675006363.236138,OK,20241225,-0.0066628449911372,36.37,36.406369999999995,36.2,36.1638,3.7434,3.7434,1.0,-0.0064163946715228,True,True,True,20241225,20241224
20241227,A,300599.SZ,雄塑科技,20241230,FIXED_T2_CLOSE,2,A_FD_0_5PCT_1PCT,1.0,412500.0,114797968.19591253,OK,20241231,-0.0970458113315255,7.98,7.987979999999999,7.22,7.21278,1.117,1.117,1.0,-0.0809219434850863,True,True,True,20241231,20241230
20241230,A,300933.SZ,中辰股份,20241231,FIXED_T2_CLOSE,2,A_FD_0_5PCT_1PCT,1.0,412500.0,419255139.798796,OK,20250102,-0.1091281599756174,8.85,8.858849999999999,7.9,7.8921,1.0141,1.0141,1.0,-0.0908818070869806,True,True,True,20250102,20241231
20250102,A,300947.SZ,德必集团,20250103,FIXED_T2_CLOSE,2,A_FD_0_5PCT_1PCT,1.0,412500.0,403932243.43845993,OK,20250106,-0.035892409477315,18.55,18.56855,17.92,17.90208,2.903,2.903,1.0,-0.0305112527161517,True,True,True,20250106,20250103
20250103,A,301568.SZ,思泰克,20250106,FIXED_T2_CLOSE,2,A_FD_0_5PCT_1PCT,1.0,412500.0,266686232.87987596,OK,20250107,0.0553471189722734,40.55,40.59054999999999,42.88,42.837120000000006,1.02,1.02,1.0,0.0447003874398723,True,True,True,20250107,20250106
20250106,A,920367.BJ,新赣江,20250107,FIXED_T2_CLOSE,2,A_FD_0_5PCT_1PCT,1.0,412500.0,144022275.288703,OK,20250108,0.0706343656343655,18.0,18.017999999999997,19.31,19.29069,1.1416,1.1416,1.0,0.0573021502335164,True,True,True,20250108,20250107
20250110,A,301511.SZ,德福科技,20250113,FIXED_T2_CLOSE,2,A_FD_1PCT_2PCT_NON_ONE_WORD_FALLBACK,1.0,412500.0,534664879.3288,OK,20250114,0.0805034965034963,15.0,15.015,16.24,16.22376,1.404,1.404,1.0,0.0654375881538459,True,True,True,20250114,20250113
20250117,A,300661.SZ,圣邦股份,20250120,FIXED_T2_CLOSE,2,A_FD_0_3PCT_0_5PCT,1.0,412500.0,4676759946.50336,OK,20250121,-0.0248735534128792,89.0,89.08899999999998,86.96,86.87303999999999,7.533,7.533,1.0,-0.0214280598135572,True,True,True,20250121,20250120
20250121,A,300638.SZ,广和通,20250122,FIXED_T2_CLOSE,2,A_FD_1PCT_2PCT_NON_ONE_WORD_FALLBACK,1.0,412500.0,2093212683.6300917,OK,20250123,-0.0335692427080827,28.45,28.478449999999995,27.55,27.52245,8.691,8.691,1.0,-0.0285961925877285,True,True,True,20250123,20250122
20250305,A,920425.BJ,乐创技术,20250306,FIXED_T2_CLOSE,2,A_FD_0_5PCT_1PCT,1.0,412500.0,336912689.074254,OK,20250307,-0.0077336456646799,34.8,34.834799999999994,34.6,34.565400000000004,2.1432,2.1432,1.0,-0.0072990896646455,True,True,True,20250307,20250306
20250306,A,920837.BJ,华原股份,20250307,FIXED_T2_CLOSE,2,A_FD_0_3PCT_0_5PCT,1.0,412500.0,494738370.281562,OK,20250310,0.0759879464797499,18.3,18.318299999999997,19.73,19.71027,1.0997,1.0997,1.0,0.0617152769005585,True,True,True,20250310,20250307
20250310,A,301225.SZ,恒勃股份,20250311,FIXED_T2_CLOSE,2,A_FD_0_5PCT_1PCT,1.0,412500.0,131000602.13759996,OK,20250312,0.0741008283501203,42.36,42.402359999999994,45.59,45.544410000000006,1.015,1.015,1.0,0.0601596655103042,True,True,True,20250312,20250311
20250313,A,920689.BJ,克莱特,20250314,FIXED_T2_CLOSE,2,A_FD_1PCT_2PCT_NON_ONE_WORD_FALLBACK,1.0,412500.0,287771311.07491994,OK,20250317,0.2409366948840634,38.0,38.038,47.25,47.20275,1.4506,1.4506,1.0,0.197687767332996,True,True,True,20250317,20250314
20250407,A,300967.SZ,晓鸣股份,20250408,FIXED_T2_CLOSE,2,A_FD_0_3PCT_0_5PCT,1.0,412500.0,401217392.1052018,OK,20250409,0.183754522988973,20.9,20.920899999999996,24.79,24.76521,1.016,1.016,1.0,0.1505506875059153,True,True,True,20250409,20250408
20250415,A,920273.BJ,一致魔芋,20250416,FIXED_T2_CLOSE,2,A_FD_0_5PCT_1PCT,1.0,412500.0,585739401.8400401,OK,20250417,0.3140359640359642,60.0,60.059999999999995,79.0,78.921,1.2248,1.2248,1.0,0.2579458157967034,True,True,True,20250417,20250416
20250416,A,301232.SZ,飞沃科技,20250417,FIXED_T2_CLOSE,2,A_FD_1PCT_2PCT_NON_ONE_WORD_FALLBACK,1.0,412500.0,130007323.46498,OK,20250418,-0.0719337480701114,26.4,26.42639999999999,24.55,24.52545,1.428,1.428,1.0,-0.060221272430694,True,True,True,20250418,20250417
20250423,A,301000.SZ,肇民科技,20250424,FIXED_T2_CLOSE,2,A_FD_0_5PCT_1PCT,1.0,412500.0,1174748774.0865068,OK,20250425,0.0858388922905053,50.22,50.270219999999995,54.64,54.58536,5.0393,5.0393,1.0,0.0698357242998937,True,True,True,20250425,20250424
20250430,A,300005.SZ,探路者,20250506,FIXED_T2_CLOSE,2,A_FD_1PCT_2PCT_NON_ONE_WORD_FALLBACK,1.0,412500.0,1214698977.006412,OK,20250507,-0.0355977052974323,10.99,11.00099,10.62,10.60938,12.1675,12.1675,1.0,-0.0302683187038166,True,True,True,20250507,20250506
20250508,A,920169.BJ,七丰精工,20250509,FIXED_T2_CLOSE,2,A_FD_1PCT_2PCT_NON_ONE_WORD_FALLBACK,1.0,412500.0,259496216.501938,OK,20250512,0.3664950434181204,26.0,26.025999999999996,35.6,35.5644,1.0651,1.0651,1.0,0.3011895005071852,True,True,True,20250512,20250509
20250516,A,301260.SZ,格力博,20250519,FIXED_T2_CLOSE,2,A_FD_0_5PCT_1PCT,1.0,412500.0,467229355.08162,OK,20250520,0.1033545626983574,21.03,21.051029999999997,23.25,23.22675,1.003,1.003,1.0,0.0842744475396216,True,True,True,20250520,20250519
20250522,A,300418.SZ,昆仑万维,20250523,FIXED_T2_CLOSE,2,A_FD_0_5PCT_1PCT,1.0,412500.0,5676055103.835158,OK,20250526,-0.0244015968369921,38.31,38.34831,37.45,37.41255,4.0482,4.0482,1.0,-0.0210390110234322,True,True,True,20250526,20250523
20250603,A,920363.BJ,莱赛激光,20250604,FIXED_T2_CLOSE,2,A_FD_1PCT_2PCT_NON_ONE_WORD_FALLBACK,1.0,412500.0,272320100.856608,OK,20250605,0.0188693125056762,22.0,22.022,22.46,22.43754,1.2255,1.2255,1.0,0.0146305733991009,True,True,True,20250605,20250604
20250611,A,301110.SZ,青木科技,20250612,FIXED_T2_CLOSE,2,A_FD_0_5PCT_1PCT,1.0,412500.0,415525192.89061624,OK,20250613,0.0146989721559516,62.76,62.82275999999999,63.81,63.746190000000006,1.4815,1.4815,1.0,0.0111928294405168,True,True,True,20250613,20250612
20250617,A,300457.SZ,赢合科技,20250618,FIXED_T2_CLOSE,2,A_FD_0_5PCT_1PCT,1.0,412500.0,1841886588.9830303,OK,20250619,0.0272118125776663,20.5,20.5205,21.1,21.0789,5.8441,5.8441,1.0,0.0215075610828197,True,True,True,20250619,20250618
20250618,A,300269.SZ,联建光电,20250619,FIXED_T2_CLOSE,2,A_FD_1PCT_2PCT_NON_ONE_WORD_FALLBACK,1.0,412500.0,358254248.97308624,OK,20250620,0.2541084170412071,4.91,4.91491,6.17,6.16383,4.233,4.233,1.0,0.208545636109308,True,True,True,20250620,20250619
20250704,A,300436.SZ,广生堂,20250707,FIXED_T2_CLOSE,2,A_FD_0_5PCT_1PCT,1.0,412500.0,1766263776.3078015,OK,20250708,0.1025441262095088,54.51,54.56450999999999,60.22,60.15978,2.027,2.027,1.0,0.0836063790105052,True,True,True,20250708,20250707
20250715,A,300502.SZ,新易盛,20250716,FIXED_T2_CLOSE,2,A_FD_0_3PCT_0_5PCT,1.0,412500.0,10740695150.296509,OK,20250717,0.1324801597512006,161.71,161.87170999999998,183.5,183.3165,11.9444,11.9444,1.0,0.1082836019279867,True,True,True,20250717,20250716
20250725,A,300539.SZ,横河精密,20250728,FIXED_T2_CLOSE,2,A_FD_0_3PCT_0_5PCT,1.0,412500.0,1047982070.708013,OK,20250729,0.2783785905800671,23.03,23.05303,29.5,29.4705,2.3353,2.3353,1.0,0.2285523107354002,True,True,True,20250729,20250728
20250729,A,300528.SZ,幸福蓝海,20250730,FIXED_T2_CLOSE,2,A_FD_0_5PCT_1PCT,1.0,412500.0,753549841.6159179,OK,20250731,0.0294805150424875,22.51,22.53251,23.22,23.19678,1.214,1.214,1.0,0.023377724555875,True,True,True,20250731,20250730
20250730,A,300877.SZ,金春股份,20250731,FIXED_T2_CLOSE,2,A_FD_0_5PCT_1PCT,1.0,412500.0,517939964.4694425,OK,20250801,-0.034864438917637,31.58,31.611579999999996,30.54,30.50946,1.0426,1.0426,1.0,-0.0296638639457438,True,True,True,20250801,20250731
20250815,A,920476.BJ,海能技术,20250818,FIXED_T2_CLOSE,2,A_FD_1PCT_2PCT_NON_ONE_WORD_FALLBACK,1.0,412500.0,488200711.659614,OK,20250819,0.1475438846867418,31.5,31.5315,36.22,36.18378,3.8937,3.8937,1.0,0.12070110866562,True,True,True,20250819,20250818
20250827,A,301488.SZ,豪恩汽电,20250828,FIXED_T2_CLOSE,2,A_FD_0_3PCT_0_5PCT,1.0,412500.0,330044821.00965804,OK,20250829,0.179674792066723,104.1,104.20409999999998,123.05,122.92695,1.0234,1.0234,1.0,0.1471876357752478,True,True,True,20250829,20250828
20250901,A,920274.BJ,宏裕包材,20250902,FIXED_T2_CLOSE,2,A_FD_1PCT_2PCT_NON_ONE_WORD_FALLBACK,1.0,412500.0,493668556.22398496,OK,20250903,0.5788652523946642,30.6,30.6306,48.41,48.36159,2.1701,2.1701,1.0,0.4762530065206852,True,True,True,20250903,20250902
20250903,A,300092.SZ,科新机电,20250904,FIXED_T2_CLOSE,2,A_FD_0_5PCT_1PCT,1.0,412500.0,1049658166.54984,OK,20250905,0.0483478686316312,19.03,19.04903,19.99,19.97001,2.7376,2.7376,1.0,0.0389306831578826,True,True,True,20250905,20250904
20250908,A,301538.SZ,骏鼎达,20250909,FIXED_T2_CLOSE,2,A_FD_0_5PCT_1PCT,1.0,412500.0,316920873.96561503,OK,20250910,0.0016112107071013,91.25,91.34125,91.58,91.48842,1.9874,1.9874,1.0,0.0004041721418035,True,True,True,20250910,20250909
20251009,A,920284.BJ,灵鸽科技,20251010,FIXED_T2_CLOSE,2,A_FD_0_3PCT_0_5PCT,1.0,412500.0,620009471.9769559,OK,20251013,0.2363508865932131,37.14,37.177139999999994,46.01,45.963989999999995,3.5533,3.5533,1.0,0.1939075399594349,True,True,True,20251013,20251010
20251010,A,300260.SZ,新莱应材,20251013,FIXED_T2_CLOSE,2,A_FD_0_5PCT_1PCT,1.0,412500.0,2238089523.9758863,OK,20251014,0.2392990602887648,60.22,60.28021999999999,74.78,74.70522,5.636,5.636,1.0,0.1963378131411929,True,True,True,20251014,20251013
20251014,A,301323.SZ,新莱福,20251015,FIXED_T2_CLOSE,2,A_FD_0_5PCT_1PCT,1.0,412500.0,1105047385.823184,OK,20251016,-0.0858143418518281,83.23,83.31322999999999,76.24,76.16376,1.0246,1.0246,1.0,-0.0716634865938157,True,True,True,20251016,20251015
20251017,A,300300.SZ,海峡创新,20251020,FIXED_T2_CLOSE,2,A_FD_0_5PCT_1PCT,1.0,412500.0,578825985.3514841,OK,20251021,0.0476453220878607,5.83,5.83583,6.12,6.11388,6.662,6.662,1.0,0.0383515517359999,True,True,True,20251021,20251020
20251021,A,301231.SZ,荣信文化,20251022,FIXED_T2_CLOSE,2,A_FD_0_5PCT_1PCT,1.0,412500.0,240675520.88624996,OK,20251023,0.1653059866139388,32.57,32.60257,38.03,37.99197,1.007,1.007,1.0,0.1353429732309447,True,True,True,20251023,20251022
20251028,A,920748.BJ,路桥信息,20251029,FIXED_T2_CLOSE,2,A_FD_0_5PCT_1PCT,1.0,412500.0,850135192.47308,OK,20251030,-0.0201981388195207,59.77,59.82977,58.68,58.62132,1.0083,1.0083,1.0,-0.0175739671198384,True,True,True,20251030,20251029
20251029,A,301315.SZ,威士顿,20251030,FIXED_T2_CLOSE,2,A_FD_1PCT_2PCT_NON_ONE_WORD_FALLBACK,1.0,412500.0,315717333.66,OK,20251031,-0.0631101426333299,61.24,61.30123999999999,57.49,57.43251,1.0155,1.0155,1.0,-0.0529476943196824,True,True,True,20251031,20251030
20251030,A,300438.SZ,鹏辉能源,20251031,FIXED_T2_CLOSE,2,A_FD_1PCT_2PCT_NON_ONE_WORD_FALLBACK,1.0,412500.0,2835974844.781348,OK,20251103,0.0391189475423616,49.03,49.07903,51.05,50.998949999999994,4.602,4.602,1.0,0.0313229904857532,True,True,True,20251103,20251031
20251031,A,300204.SZ,舒泰神,20251103,FIXED_T2_CLOSE,2,A_FD_0_5PCT_1PCT,1.0,412500.0,1941652176.2286224,OK,20251104,-0.0506505994005992,40.0,40.03999999999999,38.05,38.01195,7.842,7.842,1.0,-0.0426768972424449,True,True,True,20251104,20251103
20251103,A,300455.SZ,航天智装,20251104,FIXED_T2_CLOSE,2,A_FD_0_5PCT_1PCT,1.0,412500.0,1922950744.085928,OK,20251105,0.0337464733069128,24.57,24.594569999999997,25.45,25.42455,3.7582,3.7582,1.0,0.0268942893974157,True,True,True,20251105,20251104
20251104,A,300402.SZ,宝色股份,20251105,FIXED_T2_CLOSE,2,A_FD_0_5PCT_1PCT,1.0,412500.0,1387706637.623515,OK,20251106,0.0037597018366251,26.0,26.025999999999996,26.15,26.123849999999997,1.0639,1.0639,1.0,0.0021752415944633,True,True,True,20251106,20251105
20251106,A,300437.SZ,清水源,20251107,FIXED_T2_CLOSE,2,A_FD_0_5PCT_1PCT,1.0,412500.0,318973793.63781375,OK,20251110,0.4484203914896987,12.12,12.13212,17.59,17.57241,2.932,2.932,1.0,0.3687231660523884,True,True,True,20251110,20251107
20251107,A,300072.SZ,海新能科,20251110,FIXED_T2_CLOSE,2,A_FD_0_3PCT_0_5PCT,1.0,412500.0,1384021026.217318,OK,20251111,0.0957347737008755,5.31,5.315309999999999,5.83,5.82417,20.403,20.403,1.0,0.0779932135406967,True,True,True,20251111,20251110
20251110,A,300997.SZ,欢乐家,20251111,FIXED_T2_CLOSE,2,A_FD_0_5PCT_1PCT,1.0,412500.0,1073377139.598384,OK,20251112,0.1681395527549374,24.05,24.07405,28.15,28.12185,1.0805,1.0805,1.0,0.1376787717666948,True,True,True,20251112,20251111
20251120,A,301092.SZ,争光股份,20251121,FIXED_T2_CLOSE,2,A_FD_0_5PCT_1PCT,1.0,412500.0,279933293.17725396,OK,20251124,-0.0444770614001381,39.0,39.038999999999994,37.34,37.30266,1.0269,1.0269,1.0,-0.0375878538588333,True,True,True,20251124,20251121
20251121,A,301171.SZ,易点天下,20251124,FIXED_T2_CLOSE,2,A_FD_0_5PCT_1PCT,1.0,412500.0,2192031595.63553,OK,20251125,0.0906736121021836,42.0,42.041999999999994,45.9,45.854099999999995,1.0143,1.0143,1.0,0.0738211373430141,True,True,True,20251125,20251124
20251125,A,301117.SZ,佳缘科技,20251126,FIXED_T2_CLOSE,2,A_FD_0_5PCT_1PCT,1.0,412500.0,569874072.917783,OK,20251127,-0.0706669843706168,52.03,52.08203,48.45,48.40155,1.4152,1.4152,1.0,-0.0591770388934532,True,True,True,20251127,20251126
20251128,A,300102.SZ,乾照光电,20251201,FIXED_T2_CLOSE,2,A_FD_1PCT_2PCT_NON_ONE_WORD_FALLBACK,1.0,412500.0,2539545050.6302724,OK,20251202,0.064696562517386,20.65,20.670649999999995,22.03,22.00797,5.4479,5.4479,1.0,0.0524074305989412,True,True,True,20251202,20251201
20251202,A,300269.SZ,联建光电,20251203,FIXED_T2_CLOSE,2,A_FD_1PCT_2PCT_NON_ONE_WORD_FALLBACK,1.0,412500.0,408520584.57347155,OK,20251204,0.1045847356526969,7.21,7.217209999999999,7.98,7.97202,4.233,4.233,1.0,0.085288518163875,True,True,True,20251204,20251203
20251204,A,300946.SZ,恒而达,20251205,FIXED_T2_CLOSE,2,A_FD_0_5PCT_1PCT,1.0,412500.0,656343872.96024,OK,20251208,0.0464267906007038,57.5,57.55749999999999,60.29,60.22971,2.4213,2.4213,1.0,0.0373470775427617,True,True,True,20251208,20251205
20251211,A,920576.BJ,天力复合,20251212,FIXED_T2_CLOSE,2,A_FD_1PCT_2PCT_NON_ONE_WORD_FALLBACK,1.0,412500.0,924795389.8265204,OK,20251215,0.3909225103254954,49.58,49.62957999999999,69.1,69.03089999999999,1.1567,1.1567,1.0,0.3213258370510087,True,True,True,20251215,20251212
20251215,A,300118.SZ,东方日升,20251216,FIXED_T2_CLOSE,2,A_FD_0_5PCT_1PCT,1.0,412500.0,1404768442.8280349,OK,20251217,-0.0287161657240395,12.7,12.712699999999998,12.36,12.34764,3.492,3.492,1.0,-0.0245956471445875,True,True,True,20251217,20251216
20251216,A,300552.SZ,万集科技,20251217,FIXED_T2_CLOSE,2,A_FD_1PCT_2PCT_NON_ONE_WORD_FALLBACK,1.0,412500.0,454796761.106632,OK,20251218,0.0132902366603826,28.07,28.098069999999996,28.5,28.4715,1.895,1.895,1.0,0.0100315640441673,True,True,True,20251218,20251217
20251219,A,300557.SZ,理工光科,20251222,FIXED_T2_CLOSE,2,A_FD_0_5PCT_1PCT,1.0,412500.0,671205740.96832,OK,20251223,-0.1254869348273296,41.54,41.58154,36.4,36.3636,1.7635,1.7635,1.0,-0.1043668645883486,True,True,True,20251223,20251222
20251224,A,300593.SZ,新雷能,20251225,FIXED_T2_CLOSE,2,A_FD_1PCT_2PCT_NON_ONE_WORD_FALLBACK,1.0,412500.0,1960294701.735705,OK,20251226,-0.0026628934024003,30.02,30.050019999999996,30.0,29.97,4.196,4.196,1.0,-0.0031191075784641,True,True,True,20251226,20251225
20251231,A,300058.SZ,蓝色光标,20260105,FIXED_T2_CLOSE,2,A_FD_0_5PCT_1PCT,1.0,412500.0,4492638455.551216,OK,20260106,0.1651886574963499,11.7,11.7117,13.66,13.64634,27.0302,27.0302,1.0,0.1352462551141167,True,True,True,20260106,20260105
20260119,A,300658.SZ,延江股份,20260120,FIXED_T2_CLOSE,2,A_FD_0_5PCT_1PCT,1.0,412500.0,588354951.2195344,OK,20260121,0.095495890663958,19.04,19.059039999999996,20.9,20.8791,2.95,2.95,1.0,0.0777962946688291,True,True,True,20260121,20260120
20260123,A,920368.BJ,连城数控,20260126,FIXED_T2_CLOSE,2,A_FD_0_5PCT_1PCT,1.0,412500.0,1925176842.8891325,OK,20260127,0.1323484208099594,52.0,52.05199999999999,59.0,58.941,2.2634,2.2634,1.0,0.1081750053360103,True,True,True,20260127,20260126
20260128,A,300164.SZ,通源石油,20260129,FIXED_T2_CLOSE,2,A_FD_0_5PCT_1PCT,1.0,412500.0,949529450.609668,OK,20260130,0.0588357276989897,12.14,12.15214,12.88,12.86712,6.251,6.251,1.0,0.0475761583766316,True,True,True,20260130,20260129
20260203,A,301636.SZ,泽润新能,20260204,FIXED_T2_CLOSE,2,A_FD_1PCT_2PCT_NON_ONE_WORD_FALLBACK,1.0,412500.0,163539984.74656948,OK,20260205,0.1729278463635613,78.79,78.86879,92.6,92.5074,1.0087,1.0087,1.0,0.1416259142166056,True,True,True,20260205,20260204
20260211,A,300819.SZ,聚杰微纤,20260212,FIXED_T2_CLOSE,2,A_FD_1PCT_2PCT_NON_ONE_WORD_FALLBACK,1.0,412500.0,797555074.4713801,OK,20260213,-0.0666833166833166,54.0,54.053999999999995,50.5,50.4495,1.6203,1.6203,1.0,-0.0558931751373625,True,True,True,20260213,20260212
20260226,A,300499.SZ,高澜股份,20260227,FIXED_T2_CLOSE,2,A_FD_0_5PCT_1PCT,1.0,412500.0,1510066106.788165,OK,20260302,0.0268915295231086,38.0,38.038,39.1,39.0609,4.15,4.15,1.0,0.0212435415919608,True,True,True,20260302,20260227
20260227,A,301226.SZ,祥明智能,20260302,FIXED_T2_CLOSE,2,A_FD_0_5PCT_1PCT,1.0,412500.0,555474150.0,OK,20260303,-0.0091629074954687,43.18,43.22317999999999,42.87,42.82713,1.6897,1.6897,1.0,-0.0084772755708278,True,True,True,20260303,20260302
20260311,A,300504.SZ,天邑股份,20260312,FIXED_T2_CLOSE,2,A_FD_1PCT_2PCT_NON_ONE_WORD_FALLBACK,1.0,412500.0,450924594.0763062,OK,20260313,-0.0362431685961095,18.36,18.378359999999997,17.73,17.71227,1.074,1.074,1.0,-0.030800394594376,True,True,True,20260313,20260312
20260317,A,301680.SZ,固德电材,20260318,FIXED_T2_CLOSE,2,A_FD_1PCT_2PCT_NON_ONE_WORD_FALLBACK,1.0,412500.0,311288155.39644,OK,20260319,0.0203687631732765,130.29,130.42028999999997,133.21,133.07679000000002,1.0,1.0,1.0,0.0158666181919625,True,True,True,20260319,20260318
20260327,A,300204.SZ,舒泰神,20260330,FIXED_T2_CLOSE,2,A_FD_0_5PCT_1PCT,1.0,412500.0,1418462157.6397128,OK,20260331,0.0534270650263624,28.45,28.478449999999995,30.03,29.99997,7.842,7.842,1.0,0.0431176260105451,True,True,True,20260331,20260330
20260330,A,300900.SZ,广联航空,20260331,FIXED_T2_CLOSE,2,A_FD_0_3PCT_0_5PCT,1.0,412500.0,1474986037.8101325,OK,20260401,0.0108745579155289,39.54,39.579539999999994,40.05,40.00995,1.419,1.419,1.0,0.0080402433569843,True,True,True,20260401,20260331
20260409,A,300489.SZ,光智科技,20260410,FIXED_T2_CLOSE,2,A_FD_0_5PCT_1PCT,1.0,412500.0,994290761.9515604,OK,20260413,0.1104987210216077,61.39,61.45139,68.31,68.24169,3.01,3.01,1.0,0.0901636040725036,True,True,True,20260413,20260410
20260414,A,301189.SZ,奥尼电子,20260415,FIXED_T2_CLOSE,2,A_FD_0_5PCT_1PCT,1.0,412500.0,1004185207.2026694,OK,20260416,-0.034442800372579,84.59,84.67459,81.84,81.75816,1.016,1.016,1.0,-0.0293162939060287,True,True,True,20260416,20260415
20260415,A,301189.SZ,奥尼电子,20260416,FIXED_T2_CLOSE,2,A_FD_0_5PCT_1PCT,1.0,412500.0,2085689855.013956,OK,20260417,-0.0517246368926552,86.3,86.38629999999999,82.0,81.918,1.016,1.016,1.0,-0.043562260447837,True,True,True,20260417,20260416
20260417,A,301319.SZ,唯特偶,20260420,FIXED_T2_CLOSE,2,A_FD_0_5PCT_1PCT,1.0,412500.0,926277075.5548748,OK,20260421,0.05944425836977,68.87,68.93887,73.11,73.03689,2.2404,2.2404,1.0,0.0480777895294047,True,True,True,20260421,20260420
20260420,A,300540.SZ,蜀道装备,20260421,FIXED_T2_CLOSE,2,A_FD_1PCT_2PCT_NON_ONE_WORD_FALLBACK,1.0,412500.0,606256294.4805951,OK,20260422,0.0281277164394049,28.49,28.518489999999996,29.35,29.32065,2.1205,2.1205,1.0,0.0222625697159984,True,True,True,20260422,20260421
20260423,A,300590.SZ,移为通信,20260424,FIXED_T2_CLOSE,2,A_FD_1PCT_2PCT_NON_ONE_WORD_FALLBACK,1.0,412500.0,342123557.3430973,OK,20260427,0.0055939910711697,14.46,14.47446,14.57,14.55543,5.8701,5.8701,1.0,0.0036873044491817,True,True,True,20260427,20260424
20260428,A,300540.SZ,蜀道装备,20260429,FIXED_T2_CLOSE,2,A_FD_0_3PCT_0_5PCT,1.0,412500.0,950586273.8140122,OK,20260430,-0.0624660052430037,35.65,35.685649999999995,33.49,33.45651,2.1205,2.1205,1.0,-0.0524167114174744,True,True,True,20260430,20260429
20260429,A,300438.SZ,鹏辉能源,20260430,FIXED_T2_CLOSE,2,A_FD_0_3PCT_0_5PCT,1.0,412500.0,4167634631.66406,OK,20260506,0.0557177761997038,83.0,83.08299999999998,87.8,87.7122,4.602,4.602,1.0,0.0450059319608102,True,True,True,20260506,20260430
20260520,A,301013.SZ,利和兴,20260521,FIXED_T2_CLOSE,2,A_FD_1PCT_2PCT_NON_ONE_WORD_FALLBACK,1.0,412500.0,735311848.110186,OK,20260522,0.2504944602049022,34.19,34.22418999999999,42.84,42.797160000000005,1.5113,1.5113,1.0,0.2055665367460123,True,True,True,20260522,20260521
20260528,A,920725.BJ,惠丰钻石,20260529,FIXED_T2_CLOSE,2,A_FD_0_5PCT_1PCT,1.0,412500.0,455893216.27714,OK,20260601,0.2132573309043897,51.0,51.050999999999995,62.0,61.938,2.1554,2.1554,1.0,0.1748707887847446,True,True,True,20260601,20260529
20260601,A,920190.BJ,雷神科技,20260602,FIXED_T2_CLOSE,2,A_FD_0_5PCT_1PCT,1.0,412500.0,926488704.9347632,OK,20260603,0.0362058436263386,33.96,33.993959999999994,35.26,35.22474,1.6415,1.6415,1.0,0.028921626436726,True,True,True,20260603,20260602
20260603,A,300516.SZ,久之洋,20260604,FIXED_T2_CLOSE,2,A_FD_0_3PCT_0_5PCT,1.0,412500.0,1161749413.16,OK,20260605,-0.0182880010052355,41.66,41.70165999999999,40.98,40.93902,2.1834,2.1834,1.0,-0.0159993798726475,True,True,True,20260605,20260604
20260604,A,301468.SZ,博盈特焊,20260605,FIXED_T2_CLOSE,2,A_FD_0_5PCT_1PCT,1.0,412500.0,626206028.487792,OK,20260608,-0.0972469900697724,51.97,52.02197,47.01,46.96299,1.3489,1.3489,1.0,-0.0810877815064481,True,True,True,20260608,20260605
20260612,A,301323.SZ,新莱福,20260615,FIXED_T2_CLOSE,2,A_FD_0_3PCT_0_5PCT,1.0,412500.0,1025071057.849245,OK,20260616,0.1185306466275111,96.63,96.72663,108.3,108.1917,1.0261,1.0261,1.0,0.0967845753630878,True,True,True,20260616,20260615
20260629,A,920367.BJ,新赣江,20260630,FIXED_T2_CLOSE,2,A_FD_0_5PCT_1PCT,1.0,412500.0,203495366.507952,OK,20260701,0.2091850120864631,19.99,20.009989999999995,24.22,24.19578,1.148,1.148,1.0,0.1715138470870052,True,True,True,20260701,20260630
20260710,A,300069.SZ,金利华电,20260713,FIXED_T2_CLOSE,2,A_FD_0_5PCT_1PCT,1.0,412500.0,595818420.18,OK,20260714,-0.0323573095181014,41.42,41.46142,40.16,40.11984,2.011,2.011,1.0,-0.0275971575803482,True,True,True,20260714,20260713
20260713,A,300534.SZ,陇神戎发,20260714,FIXED_T2_CLOSE,2,A_FD_0_5PCT_1PCT,1.0,412500.0,372761660.637,OK,20260715,0.2192784590974639,8.84,8.84884,10.8,10.7892,3.5608,3.5608,1.0,0.1798341959251158,True,True,True,20260715,20260714
20260716,A,300805.SZ,电声股份,20260717,FIXED_T2_CLOSE,2,A_FD_0_5PCT_1PCT,1.0,412500.0,373912480.6491325,OK,20260720,-0.0917306377832691,9.12,9.12912,8.3,8.2917,1.0205,1.0205,1.0,-0.0765404771724984,True,True,True,20260720,20260717
20260717,A,300577.SZ,开润股份,20260720,FIXED_T2_CLOSE,2,A_FD_1PCT_2PCT_NON_ONE_WORD_FALLBACK,1.0,412500.0,359633372.13744,OK,20260721,-0.0201345805471541,20.36,20.380359999999996,19.99,19.97001,3.5036,3.5036,1.0,-0.0175215740179515,True,True,True,20260721,20260720
20260722,A,300834.SZ,星辉环材,20260723,FIXED_T2_CLOSE,2,A_FD_0_5PCT_1PCT,1.0,412500.0,805717526.3604321,OK,20260724,0.023157261947392,37.69,37.72769,38.64,38.60136,1.1013,1.1013,1.0,0.0181652662663021,True,True,True,20260724,20260723
20260730,A,300996.SZ,普联软件,20260731,FIXED_T2_CLOSE,2,A_FD_0_3PCT_0_5PCT,1.0,412500.0,388683182.729184,OK,20260803,0.0933239837085992,15.6,15.615599999999995,17.09,17.07291,4.5851,4.5851,1.0,0.0760059228074811,True,True,True,20260803,20260731
20260810,A,301357.SZ,北方长龙,20260811,FIXED_T2_CLOSE,2,A_FD_0_3PCT_0_5PCT,1.0,412500.0,1370153247.8920002,OK,20260812,-0.0439805059950364,111.49,111.60148999999998,106.8,106.6932,1.4189,1.4189,1.0,-0.0371785274727738,True,True,True,20260812,20260811
20260821,A,300016.SZ,北陆药业,20260824,FIXED_T2_CLOSE,2,A_FD_0_5PCT_1PCT,1.0,412500.0,711777640.287854,OK,20260825,-0.0591651067379221,10.3,10.3103,9.71,9.70029,7.5911,7.5911,1.0,-0.0496956759762081,True,True,True,20260825,20260824
20260824,A,301152.SZ,天力锂能,20260825,FIXED_T2_CLOSE,2,A_FD_1PCT_2PCT_NON_ONE_WORD_FALLBACK,1.0,412500.0,230755842.385376,OK,20260826,-0.0483499238123158,24.33,24.354329999999997,23.2,23.1768,1.007,1.007,1.0,-0.0407803773085729,True,True,True,20260826,20260825
20260826,A,301630.SZ,同宇新材,20260827,FIXED_T2_CLOSE,2,A_FD_0_5PCT_1PCT,1.0,412500.0,422943267.99189705,OK,20260828,-0.0307333320037491,203.87,204.07386999999997,198.0,197.802,1.4078,1.4078,1.0,-0.0262584613539815,True,True,True,20260828,20260827
