signal_date,strategy_leg,ts_code,name,buy_date,exit_rule,hold_offset,matched_condition_profile_ids,matched_strategy_branch_ids,resolved_exit_profile_id,fill_probability,planned_buy_amount,available_fill_amount,status,exit_date,stock_return_before_fees,entry_reference_price,entry_price,exit_reference_price,exit_price,buy_adj_factor,sell_adj_factor,position_scale,account_return,entry_filled,position_opened,outcome_observable,position_open_until,action_date
20231011,C,002947.SZ,恒铭达,20231012,FIXED_T2_CLOSE,2,C_THIRD_LIMITUP30_50_RANK4_10_FD01_03_CHAIN_NOT15_AMOUNT_NOT2_3,C_BRANCH_3_PROFIT_EXPANSION,C_THIRD_LIMITUP30_50_RANK4_10_FD01_03_CHAIN_NOT15_AMOUNT_NOT2_3,1.0,412500.0,331675416.18185496,OK,20231013,0.23385269439081102,22.3,22.3223,27.57,27.54243,1.774,1.774,1.0,0.1918482008093924,True,True,True,20231013,20231012
20231016,C,603186.SH,华正新材,20231017,FIXED_T3_CLOSE,3,C_STRONG_LEADER_RANK4_10_FD01_03,C_BRANCH_2_STRONG_LEADER,C_STRONG_LEADER_RANK4_10_FD01_03,1.0,412500.0,385011642.308012,OK,20231019,0.0289632809022351,39.97,40.009969999999996,41.21,41.16879,1.06,1.06,1.0,0.022951352031881037,True,True,True,20231019,20231017
20231117,C,603838.SH,四通股份,20231120,FIXED_T2_CLOSE,2,C_THIRD_LIMITUP30_50_RANK4_10_FD01_03_CHAIN_NOT15_AMOUNT_NOT2_3,C_BRANCH_3_PROFIT_EXPANSION,C_THIRD_LIMITUP30_50_RANK4_10_FD01_03_CHAIN_NOT15_AMOUNT_NOT2_3,1.0,412500.0,5024352.527999999,OK,20231121,0.26499993512980535,7.7,7.707699999999999,9.76,9.75024,2.085,2.085,1.0,0.2175238602754389,True,True,True,20231121,20231120
20240221,C,000702.SZ,正虹科技,20240222,FIXED_T3_CLOSE,3,C_CORE_REFINEMENT_1100_1330_MULTI_OPEN,C_BRANCH_1_CORE_REFINEMENT,C_CORE_REFINEMENT_1100_1330_MULTI_OPEN,1.0,412500.0,39832889.031848,OK,20240226,0.09268423883808485,3.9,3.9038999999999993,4.27,4.26573,2.553,2.553,1.0,0.07547856079881644,True,True,True,20240226,20240222
20240408,C,002207.SZ,准油股份,20240409,FIXED_T3_CLOSE,3,C_STRONG_LEADER_RANK4_10_FD01_03,C_BRANCH_2_STRONG_LEADER,C_STRONG_LEADER_RANK4_10_FD01_03,1.0,412500.0,172898644.07123402,OK,20240411,-0.11726431463273557,6.84,6.846839999999999,6.05,6.04395,2.053,2.053,1.0,-0.09758869769375351,True,True,True,20240411,20240409
20240409,C,600094.SH,大名城,20240410,FIXED_T3_CLOSE,3,C_STRONG_LEADER_RANK4_10_FD01_03,C_BRANCH_2_STRONG_LEADER,C_STRONG_LEADER_RANK4_10_FD01_03,1.0,412500.0,612753529.216824,OK,20240412,-0.0607040018804722,4.08,4.084079999999999,3.84,3.83616,2.756,2.756,1.0,-0.05096423610213294,True,True,True,20240412,20240410
20240411,C,002597.SZ,金禾实业,20240412,FIXED_T2_CLOSE,2,C_THIRD_LIMITUP30_50_RANK4_10_FD01_03_CHAIN_NOT15_AMOUNT_NOT2_3,C_BRANCH_3_PROFIT_EXPANSION,C_THIRD_LIMITUP30_50_RANK4_10_FD01_03_CHAIN_NOT15_AMOUNT_NOT2_3,1.0,412500.0,521624175.498438,OK,20240415,0.0085022581435783,20.91,20.930909999999997,21.13,21.10887,5.235,5.235,1.0,0.006084681334447652,True,True,True,20240415,20240412
20240524,C,000958.SZ,电投产融,20240527,FIXED_T2_CLOSE,2,C_THIRD_LIMITUP30_50_RANK4_10_FD01_03_CHAIN_NOT15_AMOUNT_NOT2_3,C_BRANCH_3_PROFIT_EXPANSION,C_THIRD_LIMITUP30_50_RANK4_10_FD01_03_CHAIN_NOT15_AMOUNT_NOT2_3,1.0,412500.0,220058080.5513875,OK,20240528,-0.08444164531121034,4.6,4.604599999999999,4.22,4.21578,4.722,4.722,1.0,-0.07053192925226931,True,True,True,20240528,20240527
20240607,C,603843.SH,正平股份,20240611,FIXED_T3_CLOSE,3,C_STRONG_LEADER_RANK4_10_FD01_03,C_BRANCH_2_STRONG_LEADER,C_STRONG_LEADER_RANK4_10_FD01_03,1.0,412500.0,67638063.12890048,OK,20240613,-0.006054920689066878,2.46,2.4624599999999996,2.45,2.44755,1.437,1.437,1.0,-0.005915263367729706,True,True,True,20240613,20240611
20240628,C,600076.SH,康欣新材,20240701,FIXED_T2_CLOSE,2,C_THIRD_LIMITUP30_50_RANK4_10_FD01_03_CHAIN_NOT15_AMOUNT_NOT2_3,C_BRANCH_3_PROFIT_EXPANSION,C_THIRD_LIMITUP30_50_RANK4_10_FD01_03_CHAIN_NOT15_AMOUNT_NOT2_3,1.0,412500.0,84051747.245496,OK,20240702,0.2780169470816958,1.39,1.3913899999999997,1.78,1.7782200000000001,3.265,3.265,1.0,0.22825419651751166,True,True,True,20240702,20240701
20240703,C,603079.SH,圣达生物,20240704,FIXED_T2_CLOSE,2,C_THIRD_LIMITUP30_50_RANK4_10_FD01_03_CHAIN_NOT15_AMOUNT_NOT2_3,C_BRANCH_3_PROFIT_EXPANSION,C_THIRD_LIMITUP30_50_RANK4_10_FD01_03_CHAIN_NOT15_AMOUNT_NOT2_3,1.0,412500.0,63579218.199549004,OK,20240705,0.007564734916651217,11.48,11.49148,11.59,11.57841,2.07,2.07,1.0,0.005311851172129201,True,True,True,20240705,20240704
20240712,C,603188.SH,亚邦股份,20240715,FIXED_T2_CLOSE,2,C_THIRD_LIMITUP30_50_RANK4_10_FD01_03_CHAIN_NOT15_AMOUNT_NOT2_3,C_BRANCH_3_PROFIT_EXPANSION,C_THIRD_LIMITUP30_50_RANK4_10_FD01_03_CHAIN_NOT15_AMOUNT_NOT2_3,1.0,412500.0,109440655.9264,OK,20240716,-0.09509520330415844,2.68,2.68268,2.43,2.4275700000000002,2.16,2.16,1.0,-0.0793139953563227,True,True,True,20240716,20240715
20240718,C,600620.SH,天宸股份,20240719,FIXED_T2_CLOSE,2,C_THIRD_LIMITUP30_50_RANK4_10_FD01_03_CHAIN_NOT15_AMOUNT_NOT2_3,C_BRANCH_3_PROFIT_EXPANSION,C_THIRD_LIMITUP30_50_RANK4_10_FD01_03_CHAIN_NOT15_AMOUNT_NOT2_3,1.0,412500.0,227032338.13810003,OK,20240722,-0.03526473526473528,4.8,4.804799999999999,4.64,4.6353599999999995,429.174,429.174,1.0,-0.029993840934065943,True,True,True,20240722,20240719
20240806,C,002919.SZ,名臣健康,20240807,FIXED_T3_CLOSE,3,C_STRONG_LEADER_RANK4_10_FD01_03,C_BRANCH_2_STRONG_LEADER,C_STRONG_LEADER_RANK4_10_FD01_03,1.0,412500.0,328323493.72102493,OK,20240809,-0.0019980019980019303,12.75,12.762749999999999,12.75,12.73725,3.409,3.409,1.0,-0.0025710164835164276,True,True,True,20240809,20240807
20240809,C,003026.SZ,中晶科技,20240812,FIXED_T2_CLOSE,2,C_THIRD_LIMITUP30_50_RANK4_10_FD01_03_CHAIN_NOT15_AMOUNT_NOT2_3,C_BRANCH_3_PROFIT_EXPANSION,C_THIRD_LIMITUP30_50_RANK4_10_FD01_03_CHAIN_NOT15_AMOUNT_NOT2_3,1.0,412500.0,135800740.05079347,OK,20240813,0.14321392892821483,30.24,30.270239999999994,34.64,34.60536,1.3381,1.3381,1.0,0.11713178865777094,True,True,True,20240813,20240812
20240815,C,002425.SZ,凯撒文化,20240816,FIXED_T2_CLOSE,2,C_THIRD_LIMITUP30_50_RANK4_10_FD01_03_CHAIN_NOT15_AMOUNT_NOT2_3,C_BRANCH_3_PROFIT_EXPANSION,C_THIRD_LIMITUP30_50_RANK4_10_FD01_03_CHAIN_NOT15_AMOUNT_NOT2_3,1.0,412500.0,238506271.187946,OK,20240819,0.0612087912087913,3.0,3.0029999999999997,3.19,3.18681,4.425,4.425,1.0,0.04953234997252755,True,True,True,20240819,20240816
20240828,C,600693.SH,东百集团,20240829,FIXED_T2_CLOSE,2,C_THIRD_LIMITUP30_50_RANK4_10_FD01_03_CHAIN_NOT15_AMOUNT_NOT2_3,C_BRANCH_3_PROFIT_EXPANSION,C_THIRD_LIMITUP30_50_RANK4_10_FD01_03_CHAIN_NOT15_AMOUNT_NOT2_3,1.0,412500.0,94526099.417552,OK,20240830,0.0014081481658272388,2.93,2.93293,2.94,2.93706,10.7756,10.7756,1.0,0.000236781241795658,True,True,True,20240830,20240829
20240829,C,600936.SH,广西广电,20240830,FIXED_T2_CLOSE,2,C_THIRD_LIMITUP30_50_RANK4_10_FD01_03_CHAIN_NOT15_AMOUNT_NOT2_3,C_BRANCH_3_PROFIT_EXPANSION,C_THIRD_LIMITUP30_50_RANK4_10_FD01_03_CHAIN_NOT15_AMOUNT_NOT2_3,1.0,412500.0,243620395.03987327,OK,20240903,-0.0313510019392369,2.38,2.3823799999999995,2.31,2.30769,1.026,1.026,1.0,-0.02676762629282454,True,True,True,20240903,20240830
20240902,C,000627.SZ,天茂集团,20240903,FIXED_T2_CLOSE,2,C_THIRD_LIMITUP30_50_RANK4_10_FD01_03_CHAIN_NOT15_AMOUNT_NOT2_3,C_BRANCH_3_PROFIT_EXPANSION,C_THIRD_LIMITUP30_50_RANK4_10_FD01_03_CHAIN_NOT15_AMOUNT_NOT2_3,1.0,412500.0,776238674.044625,OK,20240904,0.06128992958261281,2.05,2.0520499999999995,2.18,2.17782,28.918,28.918,1.0,0.04959923491021199,True,True,True,20240904,20240903
20240926,C,600649.SH,城投控股,20240927,FIXED_T3_CLOSE,3,C_CORE_REFINEMENT_1100_1330_MULTI_OPEN,C_BRANCH_1_CORE_REFINEMENT,C_CORE_REFINEMENT_1100_1330_MULTI_OPEN,1.0,412500.0,284772853.3797932,OK,20241008,0.1658901845817733,4.28,4.28428,5.0,4.995,15.9521,15.9521,1.0,0.13582454616411618,True,True,True,20241008,20240927
20241018,C,002708.SZ,光洋股份,20241021,FIXED_T3_CLOSE,3,C_CORE_REFINEMENT_1100_1330_MULTI_OPEN,C_BRANCH_1_CORE_REFINEMENT,C_CORE_REFINEMENT_1100_1330_MULTI_OPEN,1.0,412500.0,202573090.6525175,OK,20241023,0.030800185729763285,8.52,8.528519999999999,8.8,8.7912,3.14,3.14,1.0,0.024465571002940792,True,True,True,20241023,20241021
20241024,C,002562.SZ,兄弟科技,20241025,FIXED_T3_CLOSE,3,C_CORE_REFINEMENT_1100_1330_MULTI_OPEN,C_BRANCH_1_CORE_REFINEMENT,C_CORE_REFINEMENT_1100_1330_MULTI_OPEN,1.0,412500.0,152535886.446612,OK,20241029,0.06231768231768253,4.5,4.504499999999999,4.79,4.78521,6.896,6.896,1.0,0.0504464441208793,True,True,True,20241029,20241025
20241104,C,603185.SH,弘元绿能,20241105,FIXED_T3_CLOSE,3,C_CORE_REFINEMENT_1100_1330_MULTI_OPEN,C_BRANCH_1_CORE_REFINEMENT,C_CORE_REFINEMENT_1100_1330_MULTI_OPEN,1.0,412500.0,511899606.58325,OK,20241107,-0.06793451246958582,24.52,24.54452,22.9,22.8771,3.8416,3.8416,1.0,-0.0569245755494505,True,True,True,20241107,20241105
20241113,C,600104.SH,上汽集团,20241114,FIXED_T3_CLOSE,3,C_STRONG_LEADER_RANK4_10_FD01_03,C_BRANCH_2_STRONG_LEADER,C_STRONG_LEADER_RANK4_10_FD01_03,1.0,412500.0,12577998638.498262,OK,20241118,0.07788915028467724,16.99,17.00699,18.35,18.33165,11.0107,11.0107,1.0,0.06328249956018099,True,True,True,20241118,20241114
20241119,C,002366.SZ,融发核电,20241120,FIXED_T3_CLOSE,3,C_CORE_REFINEMENT_1100_1330_MULTI_OPEN,C_BRANCH_1_CORE_REFINEMENT,C_CORE_REFINEMENT_1100_1330_MULTI_OPEN,1.0,412500.0,240041371.61650395,OK,20241122,0.21637871331122893,4.89,4.894889999999999,5.96,5.95404,2.332,2.332,1.0,0.1774438434065936,True,True,True,20241122,20241120
20241127,C,000962.SZ,东方钽业,20241128,FIXED_T3_CLOSE,3,C_CORE_REFINEMENT_1100_1330_MULTI_OPEN,C_BRANCH_1_CORE_REFINEMENT,C_CORE_REFINEMENT_1100_1330_MULTI_OPEN,1.0,412500.0,303355606.36265576,OK,20241202,-0.06893716040057474,16.4,16.416399999999996,15.3,15.2847,3.373,3.373,1.0,-0.05775109007303647,True,True,True,20241202,20241128
20241204,C,002629.SZ,仁智股份,20241205,FIXED_T3_CLOSE,3,C_CORE_REFINEMENT_1100_1330_MULTI_OPEN,C_BRANCH_1_CORE_REFINEMENT,C_CORE_REFINEMENT_1100_1330_MULTI_OPEN,1.0,412500.0,49379027.198296,OK,20241209,0.14664059344910418,3.76,3.7637599999999996,4.32,4.31568,3.727,3.727,1.0,0.11995649701893857,True,True,True,20241209,20241205
20241226,C,603893.SH,瑞芯微,20241227,FIXED_T3_CLOSE,3,C_CORE_REFINEMENT_1100_1330_MULTI_OPEN,C_BRANCH_1_CORE_REFINEMENT,C_CORE_REFINEMENT_1100_1330_MULTI_OPEN,1.0,412500.0,1768107961.155646,OK,20241231,-0.0668583816149868,117.71,117.82770999999998,110.06,109.94994,1.0246,1.0246,1.0,-0.05603748671884991,True,True,True,20241231,20241227
20250109,C,600410.SH,华胜天成,20250110,FIXED_T3_CLOSE,3,C_CORE_REFINEMENT_1100_1330_MULTI_OPEN,C_BRANCH_1_CORE_REFINEMENT,C_CORE_REFINEMENT_1100_1330_MULTI_OPEN,1.0,412500.0,254200251.96734804,OK,20250114,-0.011312687312687308,7.5,7.507499999999999,7.43,7.4225699999999994,12.667,12.667,1.0,-0.010249407329670324,True,True,True,20250114,20250110
20250114,C,600601.SH,方正科技,20250115,FIXED_T3_CLOSE,3,C_CORE_REFINEMENT_1100_1330_MULTI_OPEN,C_BRANCH_1_CORE_REFINEMENT,C_CORE_REFINEMENT_1100_1330_MULTI_OPEN,1.0,412500.0,732718474.836902,OK,20250117,0.1023296230396824,5.07,5.075069999999999,5.6,5.594399999999999,6471.278,6471.278,1.0,0.08342955723714171,True,True,True,20250117,20250115
20250212,C,603171.SH,税友股份,20250213,FIXED_T3_CLOSE,3,C_CORE_REFINEMENT_1100_1330_MULTI_OPEN,C_BRANCH_1_CORE_REFINEMENT,C_CORE_REFINEMENT_1100_1330_MULTI_OPEN,1.0,412500.0,664179646.3680251,OK,20250217,0.012745209336118668,44.0,44.044,44.65,44.60535,1.024,1.024,1.0,0.00958228071615904,True,True,True,20250217,20250213
20250217,C,603286.SH,日盈电子,20250218,FIXED_T3_CLOSE,3,C_CORE_REFINEMENT_1100_1330_MULTI_OPEN,C_BRANCH_1_CORE_REFINEMENT,C_CORE_REFINEMENT_1100_1330_MULTI_OPEN,1.0,412500.0,107816345.30464353,OK,20250220,0.16669412676875361,26.8,26.8268,31.33,31.298669999999998,1.019,1.019,1.0,0.1364872612340085,True,True,True,20250220,20250218
20250221,C,000032.SZ,深桑达Ａ,20250224,FIXED_T3_CLOSE,3,C_CORE_REFINEMENT_1100_1330_MULTI_OPEN,C_BRANCH_1_CORE_REFINEMENT,C_CORE_REFINEMENT_1100_1330_MULTI_OPEN,1.0,412500.0,783289970.0550189,OK,20250226,0.13967199350193038,28.46,28.488459999999996,32.5,32.4675,4.23,4.23,1.0,0.11421205882943489,True,True,True,20250226,20250224
20250224,C,002515.SZ,金字火腿,20250225,FIXED_T3_CLOSE,3,C_CORE_REFINEMENT_1100_1330_MULTI_OPEN,C_BRANCH_1_CORE_REFINEMENT,C_CORE_REFINEMENT_1100_1330_MULTI_OPEN,1.0,412500.0,276301044.597704,OK,20250227,0.03026499362706292,4.64,4.644639999999999,4.79,4.78521,11.199,11.199,1.0,0.02402439516033562,True,True,True,20250227,20250225
20250307,C,603300.SH,海南华铁,20250310,FIXED_T3_CLOSE,3,C_STRONG_LEADER_RANK4_10_FD01_03,C_BRANCH_2_STRONG_LEADER,C_STRONG_LEADER_RANK4_10_FD01_03,1.0,412500.0,2252738580.1998253,OK,20250312,0.031185771834151055,12.03,12.042029999999999,12.43,12.41757,5.5933,5.5933,1.0,0.024783421871146447,True,True,True,20250312,20250310
20250318,C,002086.SZ,东方海洋,20250319,FIXED_T3_CLOSE,3,C_STRONG_LEADER_RANK4_10_FD01_03,C_BRANCH_2_STRONG_LEADER,C_STRONG_LEADER_RANK4_10_FD01_03,1.0,412500.0,715160862.058371,OK,20250321,0.1036727977904448,3.4,3.4033999999999995,3.76,3.7562399999999996,4.127,4.127,1.0,0.0845367788299935,True,True,True,20250321,20250319
20250401,C,603693.SH,江苏新能,20250402,FIXED_T3_CLOSE,3,C_STRONG_LEADER_RANK4_10_FD01_03,C_BRANCH_2_STRONG_LEADER,C_STRONG_LEADER_RANK4_10_FD01_03,1.0,412500.0,752263536.9605271,OK,20250407,0.11832324480253487,13.52,13.533519999999998,15.15,15.13485,1.4118,1.4118,1.0,0.09661360745375196,True,True,True,20250407,20250402
20250408,C,600108.SH,亚盛集团,20250409,FIXED_T3_CLOSE,3,C_CORE_REFINEMENT_1100_1330_MULTI_OPEN,C_BRANCH_1_CORE_REFINEMENT,C_CORE_REFINEMENT_1100_1330_MULTI_OPEN,1.0,412500.0,216746715.12841997,OK,20250411,-0.06955506032429104,3.25,3.2532499999999995,3.03,3.02697,9.7649,9.7649,1.0,-0.0582604445984784,True,True,True,20250411,20250409
20250409,C,001256.SZ,炜冈科技,20250410,FIXED_T3_CLOSE,3,C_CORE_REFINEMENT_1100_1330_MULTI_OPEN,C_BRANCH_1_CORE_REFINEMENT,C_CORE_REFINEMENT_1100_1330_MULTI_OPEN,1.0,412500.0,46817205.295828,OK,20250414,0.07899369860908334,26.0,26.025999999999996,28.11,28.081889999999998,1.023,1.023,1.0,0.06419301381339823,True,True,True,20250414,20250410
20250410,C,002187.SZ,广百股份,20250411,FIXED_T3_CLOSE,3,C_CORE_REFINEMENT_1100_1330_MULTI_OPEN,C_BRANCH_1_CORE_REFINEMENT,C_CORE_REFINEMENT_1100_1330_MULTI_OPEN,1.0,412500.0,168380812.736766,OK,20250415,0.0005349979969271335,7.88,7.887879999999999,7.9,7.8921,2.51,2.51,1.0,-0.00048298416494656145,True,True,True,20250415,20250411
20250421,C,603119.SH,浙江荣泰,20250422,FIXED_T3_CLOSE,3,C_CORE_REFINEMENT_1100_1330_MULTI_OPEN,C_BRANCH_1_CORE_REFINEMENT,C_CORE_REFINEMENT_1100_1330_MULTI_OPEN,1.0,412500.0,268634809.244295,OK,20250424,0.17140484515484533,40.0,40.03999999999999,46.95,46.90305,1.31,1.31,1.0,0.14037045596497266,True,True,True,20250424,20250422
20250429,C,605599.SH,菜百股份,20250430,FIXED_T3_CLOSE,3,C_STRONG_LEADER_RANK4_10_FD01_03,C_BRANCH_2_STRONG_LEADER,C_STRONG_LEADER_RANK4_10_FD01_03,1.0,412500.0,341582234.68228006,OK,20250507,0.0722028900467564,13.45,13.463449999999998,14.45,14.43555,1.128,1.128,1.0,0.05859513470730027,True,True,True,20250507,20250430
20250529,C,600686.SH,金龙汽车,20250530,FIXED_T3_CLOSE,3,C_CORE_REFINEMENT_1100_1330_MULTI_OPEN,C_BRANCH_1_CORE_REFINEMENT,C_CORE_REFINEMENT_1100_1330_MULTI_OPEN,1.0,412500.0,319452589.930896,OK,20250604,-0.059125012918116115,14.5,14.514499999999998,13.67,13.65633,13.0849,13.0849,1.0,-0.04966262536756326,True,True,True,20250604,20250530
20250611,C,600232.SH,金鹰股份,20250612,FIXED_T3_CLOSE,3,C_STRONG_LEADER_RANK2_3_FD01_03_LD_5_15,C_BRANCH_2_STRONG_LEADER,C_STRONG_LEADER_RANK2_3_FD01_03_LD_5_15,1.0,412500.0,366107801.55654395,OK,20250617,-0.02603359310372866,8.0,8.008,7.72,7.71228,3.3229,3.3605,1.0,-0.022384317361984575,True,True,True,20250617,20250612
20250624,C,603155.SH,新亚强,20250625,FIXED_T3_CLOSE,3,C_STRONG_LEADER_RANK4_10_FD01_03,C_BRANCH_2_STRONG_LEADER,C_STRONG_LEADER_RANK4_10_FD01_03,1.0,412500.0,488717682.870727,OK,20250627,0.10711213919770124,16.83,16.846829999999997,18.67,18.65133,2.2973,2.2973,1.0,0.08737193715108464,True,True,True,20250627,20250625
20250627,C,000700.SZ,模塑科技,20250630,FIXED_T3_CLOSE,3,C_STRONG_LEADER_RANK4_10_FD01_03,C_BRANCH_2_STRONG_LEADER,C_STRONG_LEADER_RANK4_10_FD01_03,1.0,412500.0,331041546.63634026,OK,20250702,-0.008503882037128374,7.67,7.677669999999999,7.62,7.61238,17.8319,17.8319,1.0,-0.007934019961459596,True,True,True,20250702,20250630
20250709,C,000514.SZ,渝 开 发,20250710,FIXED_T3_CLOSE,3,C_STRONG_LEADER_RANK4_10_FD01_03,C_BRANCH_2_STRONG_LEADER,C_STRONG_LEADER_RANK4_10_FD01_03,1.0,412500.0,669637188.5176003,OK,20250715,0.09655078463855915,6.38,6.386379999999999,7.01,7.00299,4.4343,4.4343,1.0,0.07866587726497658,True,True,True,20250715,20250710
20250807,C,600475.SH,华光环能,20250808,FIXED_T3_CLOSE,3,C_STRONG_LEADER_RANK4_10_FD01_03,C_BRANCH_2_STRONG_LEADER,C_STRONG_LEADER_RANK4_10_FD01_03,1.0,412500.0,1649832151.694588,OK,20250812,0.09293389537291996,20.5,20.5205,22.45,22.42755,5.2207,5.2207,1.0,0.075684360607076,True,True,True,20250812,20250808
20250812,C,600246.SH,万通发展,20250813,FIXED_T3_CLOSE,3,C_STRONG_LEADER_RANK2_3_FD01_03_LD_LT5,C_BRANCH_2_STRONG_LEADER,C_STRONG_LEADER_RANK2_3_FD01_03_LD_LT5,1.0,412500.0,1584271217.8527842,OK,20250815,0.160518170354236,9.15,9.159149999999999,10.64,10.62936,12.463,12.463,1.0,0.13139622427490547,True,True,True,20250815,20250813
20250813,C,603337.SH,杰克股份,20250814,FIXED_T3_CLOSE,3,C_CORE_REFINEMENT_1100_1330_MULTI_OPEN,C_BRANCH_1_CORE_REFINEMENT,C_CORE_REFINEMENT_1100_1330_MULTI_OPEN,1.0,412500.0,963782732.3605669,OK,20250818,0.061605833332368576,51.78,51.831779999999995,55.08,55.02492,2.4329,2.4329,1.0,0.04985964440107972,True,True,True,20250818,20250814
20250814,C,603256.SH,宏和科技,20250815,FIXED_T2_CLOSE,2,C_THIRD_LIMITUP30_50_RANK4_10_FD01_03_CHAIN_NOT15_AMOUNT_NOT2_3,C_BRANCH_3_PROFIT_EXPANSION,C_THIRD_LIMITUP30_50_RANK4_10_FD01_03_CHAIN_NOT15_AMOUNT_NOT2_3,1.0,412500.0,1764729703.602175,OK,20250818,0.16581345604050446,30.39,30.420389999999998,35.5,35.4645,1.04,1.04,1.0,0.1357612963914171,True,True,True,20250818,20250815
20250819,C,601689.SH,拓普集团,20250820,FIXED_T3_CLOSE,3,C_CORE_REFINEMENT_1100_1330_MULTI_OPEN,C_BRANCH_1_CORE_REFINEMENT,C_CORE_REFINEMENT_1100_1330_MULTI_OPEN,1.0,412500.0,3678468919.511609,OK,20250822,0.0823039004521855,54.22,54.27421999999999,58.8,58.7412,2.3151,2.3151,1.0,0.06692171829157585,True,True,True,20250822,20250820
20250826,C,601869.SH,XD长飞光,20250827,FIXED_T3_CLOSE,3,C_STRONG_LEADER_RANK4_10_FD01_03,C_BRANCH_2_STRONG_LEADER,C_STRONG_LEADER_RANK4_10_FD01_03,1.0,412500.0,1926515127.746522,OK,20250829,0.2648289210789214,72.0,72.07199999999999,91.25,91.15875,1.0895,1.0895,1.0,0.2173828879635992,True,True,True,20250829,20250827
20250827,C,603181.SH,皇马科技,20250828,FIXED_T2_CLOSE,2,C_THIRD_LIMITUP30_50_RANK4_10_FD01_03_CHAIN_NOT15_AMOUNT_NOT2_3,C_BRANCH_3_PROFIT_EXPANSION,C_THIRD_LIMITUP30_50_RANK4_10_FD01_03_CHAIN_NOT15_AMOUNT_NOT2_3,1.0,412500.0,907318982.19375,OK,20250829,-0.13415351771516126,19.71,19.729709999999997,17.1,17.082900000000002,3.1869,3.1869,1.0,-0.11151100402679488,True,True,True,20250829,20250828
20250828,C,000061.SZ,农 产 品,20250829,FIXED_T3_CLOSE,3,C_STRONG_LEADER_RANK4_10_FD01_03,C_BRANCH_2_STRONG_LEADER,C_STRONG_LEADER_RANK4_10_FD01_03,1.0,412500.0,1396067096.756376,OK,20250902,-0.05697775278613593,8.35,8.358349999999998,7.89,7.88211,22.8076,22.8076,1.0,-0.0478925706652628,True,True,True,20250902,20250829
20251010,C,601212.SH,白银有色,20251013,FIXED_T3_CLOSE,3,C_STRONG_LEADER_RANK4_10_FD01_03,C_BRANCH_2_STRONG_LEADER,C_STRONG_LEADER_RANK4_10_FD01_03,1.0,412500.0,2497797756.521214,OK,20251015,0.06506142079264654,5.06,5.065059999999999,5.4,5.3946000000000005,1.004,1.004,1.0,0.052708194859488695,True,True,True,20251015,20251013
20251113,C,002837.SZ,英维克,20251114,FIXED_T3_CLOSE,3,C_CORE_REFINEMENT_1100_1330_MULTI_OPEN,C_BRANCH_1_CORE_REFINEMENT,C_CORE_REFINEMENT_1100_1330_MULTI_OPEN,1.0,412500.0,2897001935.8460603,OK,20251118,0.018408516144209797,72.87,72.94287,74.36,74.28564,11.1562,11.1562,1.0,0.014250724328059712,True,True,True,20251118,20251114
20251201,C,000078.SZ,海王生物,20251202,FIXED_T3_CLOSE,3,C_CORE_REFINEMENT_1100_1330_MULTI_OPEN,C_BRANCH_1_CORE_REFINEMENT,C_CORE_REFINEMENT_1100_1330_MULTI_OPEN,1.0,412500.0,1672976934.3899198,OK,20251204,0.26326042378673953,3.8,3.8037999999999994,4.81,4.80519,20.484,20.484,1.0,0.21608992584586462,True,True,True,20251204,20251202
20251218,C,002703.SZ,浙江世宝,20251219,FIXED_T3_CLOSE,3,C_STRONG_LEADER_RANK4_10_FD01_03,C_BRANCH_2_STRONG_LEADER,C_STRONG_LEADER_RANK4_10_FD01_03,1.0,412500.0,1103076008.2044785,OK,20251223,0.2106481753540579,15.3,15.315299999999999,18.56,18.541439999999998,2.5624,2.5624,1.0,0.1727199790239174,True,True,True,20251223,20251219
20251222,C,000551.SZ,创元科技,20251223,FIXED_T3_CLOSE,3,C_CORE_REFINEMENT_1100_1330_MULTI_OPEN,C_BRANCH_1_CORE_REFINEMENT,C_CORE_REFINEMENT_1100_1330_MULTI_OPEN,1.0,412500.0,314104487.99465203,OK,20251225,0.3015381803497519,12.79,12.802789999999998,16.68,16.66332,9.5905,9.5905,1.0,0.2476434958995266,True,True,True,20251225,20251223
20251225,C,603163.SH,圣晖集成,20251226,FIXED_T3_CLOSE,3,C_STRONG_LEADER_RANK4_10_FD01_03,C_BRANCH_2_STRONG_LEADER,C_STRONG_LEADER_RANK4_10_FD01_03,1.0,412500.0,993245940.0,OK,20251230,-0.17681847895814495,85.06,85.14505999999999,70.16,70.08984,1.3436,1.3436,1.0,-0.1466810861919058,True,True,True,20251230,20251226
20251226,C,000688.SZ,国城矿业,20251229,FIXED_T3_CLOSE,3,C_CORE_REFINEMENT_1100_1330_MULTI_OPEN,C_BRANCH_1_CORE_REFINEMENT,C_CORE_REFINEMENT_1100_1330_MULTI_OPEN,1.0,412500.0,1631149024.0344784,OK,20251231,-0.044941289347485425,29.05,29.07905,27.8,27.7722,4.9735,4.9735,1.0,-0.03797053169506902,True,True,True,20251231,20251229
20260109,C,603882.SH,金域医学,20260112,FIXED_T3_CLOSE,3,C_CORE_REFINEMENT_1100_1330_MULTI_OPEN,C_BRANCH_1_CORE_REFINEMENT,C_CORE_REFINEMENT_1100_1330_MULTI_OPEN,1.0,412500.0,594569551.672602,OK,20260114,0.04637454382352346,35.28,35.315279999999994,36.99,36.95301,1.1061,1.1061,1.0,0.037304008865496785,True,True,True,20260114,20260112
20260113,C,002342.SZ,巨力索具,20260114,FIXED_T3_CLOSE,3,C_STRONG_LEADER_RANK4_10_FD01_03,C_BRANCH_2_STRONG_LEADER,C_STRONG_LEADER_RANK4_10_FD01_03,1.0,412500.0,2181153038.156,OK,20260119,-0.17165834165834148,13.0,13.012999999999998,10.79,10.779209999999999,2.481,2.481,1.0,-0.14242742118131851,True,True,True,20260119,20260114
20260114,C,002194.SZ,武汉凡谷,20260115,FIXED_T3_CLOSE,3,C_CORE_REFINEMENT_1100_1330_MULTI_OPEN,C_BRANCH_1_CORE_REFINEMENT,C_CORE_REFINEMENT_1100_1330_MULTI_OPEN,1.0,412500.0,372556293.310157,OK,20260119,-0.05361879499810518,14.5,14.514499999999998,13.75,13.73625,3.9025,3.9025,1.0,-0.04512367511367929,True,True,True,20260119,20260115
20260116,C,601163.SH,三角轮胎,20260119,FIXED_T3_CLOSE,3,C_STRONG_LEADER_RANK4_10_FD01_03,C_BRANCH_2_STRONG_LEADER,C_STRONG_LEADER_RANK4_10_FD01_03,1.0,412500.0,453118981.0,OK,20260121,-0.029823336514786192,16.14,16.156139999999997,15.69,15.67431,1.2482,1.2482,1.0,-0.025508323180072602,True,True,True,20260121,20260119
20260122,C,601212.SH,白银有色,20260123,FIXED_T3_CLOSE,3,C_STRONG_LEADER_RANK4_10_FD01_03,C_BRANCH_2_STRONG_LEADER,C_STRONG_LEADER_RANK4_10_FD01_03,1.0,412500.0,7873203791.331532,LIMIT_UP_UNBUYABLE,,,,,,,,,,,False,False,False,,20260123
20260126,C,000603.SZ,盛达资源,20260127,FIXED_T3_CLOSE,3,C_STRONG_LEADER_RANK4_10_FD01_03,C_BRANCH_2_STRONG_LEADER,C_STRONG_LEADER_RANK4_10_FD01_03,1.0,412500.0,224594462.14010847,OK,20260129,0.19001996947828803,56.86,56.91685999999999,67.8,67.73219999999999,4.3216,4.3216,1.0,0.15571549397498374,True,True,True,20260129,20260127
20260129,C,603162.SH,海通发展,20260130,FIXED_T3_CLOSE,3,C_CORE_REFINEMENT_1100_1330_MULTI_OPEN,C_BRANCH_1_CORE_REFINEMENT,C_CORE_REFINEMENT_1100_1330_MULTI_OPEN,1.0,412500.0,129685403.61831877,OK,20260203,0.011206759814002432,14.36,14.374359999999998,14.55,14.53545,2.2567,2.2567,1.0,0.008314087929306298,True,True,True,20260203,20260130
20260202,C,603629.SH,利通电子,20260203,FIXED_T2_CLOSE,2,C_THIRD_LIMITUP30_50_RANK4_10_FD01_03_CHAIN_NOT15_AMOUNT_NOT2_3,C_BRANCH_3_PROFIT_EXPANSION,C_THIRD_LIMITUP30_50_RANK4_10_FD01_03_CHAIN_NOT15_AMOUNT_NOT2_3,1.0,412500.0,861073447.2800002,OK,20260204,-0.0019980019980017083,40.0,40.03999999999999,40.0,39.96,2.0412,2.0412,1.0,-0.002571016483516244,True,True,True,20260204,20260203
20260227,C,603530.SH,神马电力,20260302,FIXED_T3_CLOSE,3,C_STRONG_LEADER_RANK4_10_FD01_03,C_BRANCH_2_STRONG_LEADER,C_STRONG_LEADER_RANK4_10_FD01_03,1.0,412500.0,1679310318.154456,OK,20260304,0.11477005626914227,60.17,60.230169999999994,67.21,67.14278999999999,1.058,1.058,1.0,0.09368460133194051,True,True,True,20260304,20260302
20260302,C,600583.SH,海油工程,20260303,FIXED_T3_CLOSE,3,C_CORE_REFINEMENT_1100_1330_MULTI_OPEN,C_BRANCH_1_CORE_REFINEMENT,C_CORE_REFINEMENT_1100_1330_MULTI_OPEN,1.0,412500.0,1258627807.795496,OK,20260305,-0.08298145768312815,8.38,8.38838,7.7,7.6923,22.3144,22.3144,1.0,-0.06932825022948397,True,True,True,20260305,20260303
20260306,C,002913.SZ,奥士康,20260309,FIXED_T3_CLOSE,3,C_STRONG_LEADER_RANK4_10_FD01_03,C_BRANCH_2_STRONG_LEADER,C_STRONG_LEADER_RANK4_10_FD01_03,1.0,412500.0,1245465628.94726,OK,20260311,0.01494665858933697,51.83,51.881829999999994,52.71,52.65729,2.2659,2.2659,1.0,0.011397005231600674,True,True,True,20260311,20260309
20260309,C,000601.SZ,韶能股份,20260310,FIXED_T2_CLOSE,2,C_THIRD_LIMITUP30_50_RANK4_10_FD01_03_CHAIN_NOT15_AMOUNT_NOT2_3,C_BRANCH_3_PROFIT_EXPANSION,C_THIRD_LIMITUP30_50_RANK4_10_FD01_03_CHAIN_NOT15_AMOUNT_NOT2_3,1.0,412500.0,687488591.9228855,OK,20260311,0.05697484333848002,6.6,6.6065999999999985,6.99,6.98301,10.9488,10.9488,1.0,0.04604217231518508,True,True,True,20260311,20260310
20260311,C,600726.SH,华电能源,20260312,FIXED_T3_CLOSE,3,C_STRONG_LEADER_RANK4_10_FD01_03,C_BRANCH_2_STRONG_LEADER,C_STRONG_LEADER_RANK4_10_FD01_03,1.0,412500.0,1529212887.834364,OK,20260316,0.20969939151757355,3.63,3.6336299999999997,4.4,4.3956,3.597,3.597,1.0,0.17193786638361655,True,True,True,20260316,20260312
20260313,C,600726.SH,华电能源,20260316,FIXED_T3_CLOSE,3,C_STRONG_LEADER_RANK2_3_FD01_03_LD_5_15,C_BRANCH_2_STRONG_LEADER,C_STRONG_LEADER_RANK2_3_FD01_03_LD_5_15,1.0,412500.0,3759590292.36944,OK,20260318,0.05834630485793291,4.3,4.3043,4.56,4.55544,3.597,3.597,1.0,0.047172711589573334,True,True,True,20260318,20260316
20260316,C,000617.SZ,中油资本,20260317,FIXED_T2_CLOSE,2,C_THIRD_LIMITUP30_50_RANK4_10_FD01_03_CHAIN_NOT15_AMOUNT_NOT2_3,C_BRANCH_3_PROFIT_EXPANSION,C_THIRD_LIMITUP30_50_RANK4_10_FD01_03_CHAIN_NOT15_AMOUNT_NOT2_3,1.0,412500.0,5828882659.313049,OK,20260318,0.012556193806193994,9.6,9.609599999999999,9.74,9.73026,7.9758,7.9758,1.0,0.009426469213599055,True,True,True,20260318,20260317
20260325,C,600780.SH,通宝能源,20260326,FIXED_T3_CLOSE,3,C_CORE_REFINEMENT_1100_1330_MULTI_OPEN,C_BRANCH_1_CORE_REFINEMENT,C_CORE_REFINEMENT_1100_1330_MULTI_OPEN,1.0,412500.0,343736518.48974603,OK,20260330,-0.05664739432666421,7.67,7.677669999999999,7.25,7.24275,11.9387,11.9387,1.0,-0.04762024569823918,True,True,True,20260330,20260326
20260413,C,605255.SH,天普股份,20260414,FIXED_T3_CLOSE,3,C_STRONG_LEADER_RANK4_10_FD01_03,C_BRANCH_2_STRONG_LEADER,C_STRONG_LEADER_RANK4_10_FD01_03,1.0,412500.0,1025590088.704,OK,20260416,0.007902634500185801,111.89,112.00188999999999,113.0,112.887,1.1377,1.1377,1.0,0.005590392527148536,True,True,True,20260416,20260414
20260427,C,600338.SH,西藏珠峰,20260428,FIXED_T3_CLOSE,3,C_STRONG_LEADER_RANK4_10_FD01_03,C_BRANCH_2_STRONG_LEADER,C_STRONG_LEADER_RANK4_10_FD01_03,1.0,412500.0,1214588818.5702286,OK,20260430,0.10453030115951445,24.92,24.94492,27.58,27.552419999999998,1.9034,1.9034,1.0,0.08524364608284957,True,True,True,20260430,20260428
20260506,C,001287.SZ,中电港,20260507,FIXED_T3_CLOSE,3,C_CORE_REFINEMENT_1100_1330_MULTI_OPEN,C_BRANCH_1_CORE_REFINEMENT,C_CORE_REFINEMENT_1100_1330_MULTI_OPEN,1.0,412500.0,890306731.5267841,OK,20260511,0.075577783560977,28.56,28.588559999999994,30.78,30.74922,1.0152,1.0152,1.0,0.0613771665839414,True,True,True,20260511,20260507
20260507,C,000700.SZ,模塑科技,20260508,FIXED_T3_CLOSE,3,C_CORE_REFINEMENT_1100_1330_MULTI_OPEN,C_BRANCH_1_CORE_REFINEMENT,C_CORE_REFINEMENT_1100_1330_MULTI_OPEN,1.0,412500.0,659426449.9731749,OK,20260512,0.004501287424587108,13.82,13.83382,13.91,13.896090000000001,18.2322,18.2322,1.0,0.0027865541399628834,True,True,True,20260512,20260508
20260513,C,002654.SZ,万润科技,20260514,FIXED_T3_CLOSE,3,C_CORE_REFINEMENT_1100_1330_MULTI_OPEN,C_BRANCH_1_CORE_REFINEMENT,C_CORE_REFINEMENT_1100_1330_MULTI_OPEN,1.0,412500.0,604292294.2539494,OK,20260518,0.06395183763604817,17.1,17.1171,18.23,18.21177,6.222,6.222,1.0,0.05179353023423945,True,True,True,20260518,20260514
20260519,C,605376.SH,博迁新材,20260520,FIXED_T3_CLOSE,3,C_CORE_REFINEMENT_1100_1330_MULTI_OPEN,C_BRANCH_1_CORE_REFINEMENT,C_CORE_REFINEMENT_1100_1330_MULTI_OPEN,1.0,412500.0,1355395386.5919998,OK,20260522,0.15562887146843662,132.39,132.52238999999997,153.3,153.1467,1.045,1.045,1.0,0.12736581996810142,True,True,True,20260522,20260520
20260521,C,000536.SZ,华映科技,20260522,FIXED_T2_CLOSE,2,C_THIRD_LIMITUP30_50_RANK4_10_FD01_03_CHAIN_NOT15_AMOUNT_NOT2_3,C_BRANCH_3_PROFIT_EXPANSION,C_THIRD_LIMITUP30_50_RANK4_10_FD01_03_CHAIN_NOT15_AMOUNT_NOT2_3,1.0,412500.0,564178839.634318,OK,20260525,0.058267819137384436,4.14,4.144139999999999,4.39,4.38561,3.673,3.673,1.0,0.0471080133182036,True,True,True,20260525,20260522
20260525,C,002156.SZ,通富微电,20260526,FIXED_T3_CLOSE,3,C_CORE_REFINEMENT_1100_1330_MULTI_OPEN,C_BRANCH_1_CORE_REFINEMENT,C_CORE_REFINEMENT_1100_1330_MULTI_OPEN,1.0,412500.0,4740585491.684922,OK,20260528,-0.051780512286354496,73.02,73.09301999999998,69.3,69.2307,2.8168,2.82,1.0,-0.04360832030890709,True,True,True,20260528,20260526
20260610,C,002636.SZ,金安国纪,20260611,FIXED_T3_CLOSE,3,C_STRONG_LEADER_RANK2_3_FD01_03_LD_15_30,C_BRANCH_2_STRONG_LEADER,C_STRONG_LEADER_RANK2_3_FD01_03_LD_15_30,1.0,412500.0,6636505213.829761,OK,20260615,0.25446170564972204,77.44,77.51744,97.34,97.24266,2.7328,2.7328,1.0,0.20883686312622027,True,True,True,20260615,20260611
20260616,C,002436.SZ,兴森科技,20260617,FIXED_T3_CLOSE,3,C_CORE_REFINEMENT_1100_1330_MULTI_OPEN,C_BRANCH_1_CORE_REFINEMENT,C_CORE_REFINEMENT_1100_1330_MULTI_OPEN,1.0,412500.0,3033213768.517252,OK,20260622,0.18181529645648742,45.01,45.055009999999996,53.3,53.2467,13.4885,13.4885,1.0,0.14895212150474507,True,True,True,20260622,20260617
20260622,C,603399.SH,永杉锂业,20260623,FIXED_T3_CLOSE,3,C_CORE_REFINEMENT_1100_1330_MULTI_OPEN,C_BRANCH_1_CORE_REFINEMENT,C_CORE_REFINEMENT_1100_1330_MULTI_OPEN,1.0,412500.0,321852539.87442595,OK,20260625,0.028765432210582143,22.06,22.082059999999995,22.74,22.71726,1.471,1.471,1.0,0.02278825907365554,True,True,True,20260625,20260623
20260623,C,002014.SZ,永新股份,20260624,FIXED_T3_CLOSE,3,C_CORE_REFINEMENT_1100_1330_MULTI_OPEN,C_BRANCH_1_CORE_REFINEMENT,C_CORE_REFINEMENT_1100_1330_MULTI_OPEN,1.0,412500.0,388775526.618258,OK,20260626,-0.10038008172999269,11.26,11.271259999999998,10.15,10.139850000000001,14.5421,14.5421,1.0,-0.08367048843762791,True,True,True,20260626,20260624
20260625,C,603690.SH,至纯科技,20260626,FIXED_T3_CLOSE,3,C_CORE_REFINEMENT_1100_1330_MULTI_OPEN,C_BRANCH_1_CORE_REFINEMENT,C_CORE_REFINEMENT_1100_1330_MULTI_OPEN,1.0,412500.0,497649837.6012789,OK,20260630,0.039096197919727294,34.0,34.034,35.4,35.364599999999996,1.2352,1.2352,1.0,0.03130423724951516,True,True,True,20260630,20260626
20260630,C,603662.SH,柯力传感,20260701,FIXED_T3_CLOSE,3,C_CORE_REFINEMENT_1100_1330_MULTI_OPEN,C_BRANCH_1_CORE_REFINEMENT,C_CORE_REFINEMENT_1100_1330_MULTI_OPEN,1.0,412500.0,657500519.5264385,OK,20260703,0.10124358400220479,72.5,72.57249999999999,80.0,79.92,2.5245,2.5245,1.0,0.08253430077680947,True,True,True,20260703,20260701
20260701,C,002940.SZ,昂利康,20260702,FIXED_T3_CLOSE,3,C_CORE_REFINEMENT_1100_1330_MULTI_OPEN,C_BRANCH_1_CORE_REFINEMENT,C_CORE_REFINEMENT_1100_1330_MULTI_OPEN,1.0,412500.0,225318127.41245505,OK,20260706,0.011308691308691277,30.0,30.029999999999998,30.4,30.3696,2.3169,2.3169,1.0,0.00839811329670327,True,True,True,20260706,20260702
20260703,C,002141.SZ,贤丰控股,20260706,FIXED_T3_CLOSE,3,C_CORE_REFINEMENT_1100_1330_MULTI_OPEN,C_BRANCH_1_CORE_REFINEMENT,C_CORE_REFINEMENT_1100_1330_MULTI_OPEN,1.0,412500.0,246976543.66745907,OK,20260708,0.052506815218679614,5.31,5.315309999999999,5.6,5.594399999999999,8.059,8.059,1.0,0.042359034876140796,True,True,True,20260708,20260706
20260708,C,002841.SZ,视源股份,20260709,FIXED_T2_CLOSE,2,C_THIRD_LIMITUP30_50_RANK4_10_FD01_03_CHAIN_NOT15_AMOUNT_NOT2_3,C_BRANCH_3_PROFIT_EXPANSION,C_THIRD_LIMITUP30_50_RANK4_10_FD01_03_CHAIN_NOT15_AMOUNT_NOT2_3,1.0,412500.0,2369614049.09251,OK,20260710,0.160390263693301,45.11,45.15510999999999,52.45,52.39755,1.823,1.823,1.0,0.13129078675326028,True,True,True,20260710,20260709
20260715,C,605255.SH,天普股份,20260716,FIXED_T3_CLOSE,3,C_STRONG_LEADER_RANK4_10_FD01_03,C_BRANCH_2_STRONG_LEADER,C_STRONG_LEADER_RANK4_10_FD01_03,1.0,412500.0,380812383.8584001,OK,20260720,-0.21242752315502,81.1,81.18109999999999,64.0,63.936,1.138,1.138,1.0,-0.17603475191054316,True,True,True,20260720,20260716
20260804,C,603990.SH,麦迪科技,20260805,FIXED_T3_CLOSE,3,C_CORE_REFINEMENT_1100_1330_MULTI_OPEN,C_BRANCH_1_CORE_REFINEMENT,C_CORE_REFINEMENT_1100_1330_MULTI_OPEN,1.0,412500.0,164488831.927944,OK,20260807,0.21802103804292017,18.28,18.29828,22.31,22.287689999999998,3.124,3.124,1.0,0.17879766382673692,True,True,True,20260807,20260805
20260812,C,002172.SZ,澳洋健康,20260813,FIXED_T3_CLOSE,3,C_CORE_REFINEMENT_1100_1330_MULTI_OPEN,C_BRANCH_1_CORE_REFINEMENT,C_CORE_REFINEMENT_1100_1330_MULTI_OPEN,1.0,412500.0,152133541.67834374,LIMIT_UP_UNBUYABLE,,,,,,,,,,,False,False,False,,20260813
