paper_fill_id,paper_order_id,paper_trade_id,fill_date,side,ts_code,name,fill_price,estimated_shares,round_lot_shares,fill_amount,amount_ratio,slippage_rate,price_model
PF00001,PT00001-B,PT00001,20240521,BUY,300162.SZ,雷曼光电,7.1471399999999985,55966.44252106438,55900,400000.0,0.0004536483957733,0.001,daily_open_plus_slippage_no_l2
PF00002,PT00001-S,PT00001,20240522,SELL,300162.SZ,雷曼光电,10.75923,55966.44252106438,55900,602758.5859518633,0.0005649831530065,0.001,daily_price_minus_slippage_no_l2
PF00003,PT00002-B,PT00002,20240621,BUY,300469.SZ,信息发展,14.8148,37881.460559219784,37800,561206.2618927292,0.0003531003342586,0.001,daily_open_plus_slippage_no_l2
PF00004,PT00002-S,PT00002,20240624,SELL,300469.SZ,信息发展,15.90408,37881.460559219784,37800,603072.8521027789,0.0004266540655658,0.001,daily_price_minus_slippage_no_l2
PF00005,PT00003-B,PT00003,20240715,BUY,300582.SZ,英飞特,9.97997,59468.08983029746,59400,593489.7524636737,0.0009992796398933,0.001,daily_open_plus_slippage_no_l2
PF00006,PT00003-S,PT00003,20240716,SELL,300582.SZ,英飞特,10.35963,59468.08983029746,59400,616684.0915401847,0.0017885267038266,0.001,daily_price_minus_slippage_no_l2
PF00007,PT00004-B,PT00004,20240805,BUY,300149.SZ,睿智医药,5.19519,117566.96362066781,117500,610782.7137324573,0.0014257669594059,0.001,daily_open_plus_slippage_no_l2
PF00008,PT00004-S,PT00004,20240806,SELL,300149.SZ,睿智医药,6.6233699999999995,117566.96362066781,117500,779468.9688050275,0.0013051046015924,0.001,daily_price_minus_slippage_no_l2
PF00009,PT00005-B,PT00005,20240904,BUY,300068.SZ,南都电源,11.52151,64602.34537126405,64600,744316.5682184724,0.0002027048520779,0.001,daily_open_plus_slippage_no_l2
PF00010,PT00005-S,PT00005,20240905,SELL,300068.SZ,南都电源,12.24774,64602.34537126405,64600,792024.7542516972,0.0002291068869878,0.001,daily_price_minus_slippage_no_l2
PF00011,PT00006-B,PT00006,20240909,BUY,300905.SZ,宝丽迪,26.5265,29437.915404189764,29400,780884.8629692397,0.000717540883993,0.001,daily_open_plus_slippage_no_l2
PF00012,PT00006-S,PT00006,20240910,SELL,300905.SZ,宝丽迪,30.17979,29437.915404189764,29400,889319.4243605727,0.0009389418365926,0.001,daily_price_minus_slippage_no_l2
PF00013,PT00007-B,PT00007,20240911,BUY,300134.SZ,大富科技,11.26125,76892.7987355231,76800,865909.0297604096,0.0005742473923688,0.001,daily_open_plus_slippage_no_l2
PF00014,PT00007-S,PT00007,20240912,SELL,300134.SZ,大富科技,12.05793,76892.7987355231,76800,928096.080737764,0.0005972721612109,0.001,daily_price_minus_slippage_no_l2
PF00015,PT00008-B,PT00008,20240918,BUY,300072.SZ,海新能科,2.23223,409363.71949805063,409300,913793.9755751336,0.0033509842239812,0.001,daily_open_plus_slippage_no_l2
PF00016,PT00008-S,PT00008,20240919,SELL,300072.SZ,海新能科,2.16566,409363.71949805063,409300,888319.2713107697,0.0051292281742695,0.002,daily_price_minus_slippage_no_l2
PF00017,PT00009-B,PT00009,20240923,BUY,300085.SZ,银之杰,12.76275,69797.54553973085,69700,890808.6243372,0.0004063112001145,0.001,daily_open_plus_slippage_no_l2
PF00018,PT00009-S,PT00009,20240924,SELL,300085.SZ,银之杰,15.80418,69797.54553973085,69700,1104197.1704385425,0.0005034825546833,0.001,daily_price_minus_slippage_no_l2
PF00019,PT00010-B,PT00010,20241115,BUY,920436.BJ,大地电气,30.019989999999996,35292.537256167714,35200,1059481.6155047822,0.0015967352373916,0.001,daily_open_plus_slippage_no_l2
PF00020,PT00010-S,PT00010,20241118,SELL,920436.BJ,大地电气,35.40456,35292.537256167714,35200,1250767.5203585837,0.0017890435387116,0.001,daily_price_minus_slippage_no_l2
PF00021,PT00011-B,PT00011,20241218,BUY,300739.SZ,明阳电路,16.846829999999997,71831.71179372277,71800,1210136.6371978424,0.0007770943105123,0.001,daily_open_plus_slippage_no_l2
PF00022,PT00011-S,PT00011,20241219,SELL,300739.SZ,明阳电路,17.54244,71831.71179372277,71800,1261364.8590977718,0.0010574315863657,0.001,daily_price_minus_slippage_no_l2
PF00023,PT00012-B,PT00012,20241224,BUY,920725.BJ,惠丰钻石,36.7367,33986.22591982131,33900,1248541.7857486994,0.0023349493579781,0.001,daily_open_plus_slippage_no_l2
PF00024,PT00012-S,PT00012,20241225,SELL,920725.BJ,惠丰钻石,39.57039,33986.22591982131,33900,1346194.408684122,0.0038010482767836,0.001,daily_price_minus_slippage_no_l2
PF00025,PT00013-B,PT00013,20241230,BUY,300599.SZ,雄塑科技,7.99596,165579.72006060058,165500,1323968.8184157598,0.0070188988855547,0.002,daily_open_plus_slippage_no_l2
PF00026,PT00013-S,PT00013,20241231,SELL,300599.SZ,雄塑科技,7.1838999999999995,165579.72006060058,165500,1195485.578837536,0.0112191061349021,0.005,daily_price_minus_slippage_no_l2
PF00027,PT00014-B,PT00014,20250103,BUY,300947.SZ,德必集团,18.56855,65416.22371424607,65400,1214684.4208491638,0.0032011386260364,0.001,daily_open_plus_slippage_no_l2
PF00028,PT00014-S,PT00014,20250106,SELL,300947.SZ,德必集团,17.90208,65416.22371424607,65400,1172258.7289592898,0.0049748100959026,0.001,daily_price_minus_slippage_no_l2
PF00029,PT00015-B,PT00015,20250107,BUY,920367.BJ,新赣江,18.036,65326.67051145911,65300,1178231.8293446766,0.0072411561678014,0.002,daily_open_plus_slippage_no_l2
PF00030,PT00015-S,PT00015,20250108,SELL,920367.BJ,新赣江,19.271379999999997,65326.67051145911,65300,1261458.0075762754,0.0061747514373064,0.002,daily_price_minus_slippage_no_l2
PF00031,PT00016-B,PT00016,20250220,BUY,920533.BJ,骏创科技,60.33027,20574.538298386582,20500,1241267.450667003,0.0008430082904395,0.001,daily_open_plus_slippage_no_l2
PF00032,PT00016-S,PT00016,20250221,SELL,920533.BJ,骏创科技,64.85508,20574.538298386582,20500,1335699.0263312568,0.0013305734140454,0.001,daily_price_minus_slippage_no_l2
PF00033,PT00017-B,PT00017,20250303,BUY,920284.BJ,灵鸽科技,28.59857,45951.09018951915,45900,1314135.4693612766,0.0011924637679366,0.001,daily_open_plus_slippage_no_l2
PF00034,PT00017-S,PT00017,20250304,SELL,920284.BJ,灵鸽科技,30.2697,45951.09018951915,45900,1392318.0327424302,0.0016733410666606,0.001,daily_price_minus_slippage_no_l2
PF00035,PT00018-B,PT00018,20250306,BUY,920425.BJ,乐创技术,34.834799999999994,39439.42683958895,39400,1373864.546071713,0.0029718078369897,0.001,daily_open_plus_slippage_no_l2
PF00036,PT00018-S,PT00018,20250307,SELL,920425.BJ,乐创技术,34.565400000000004,39439.42683958895,39400,1364604.168649778,0.0033217319218043,0.001,daily_price_minus_slippage_no_l2
PF00037,PT00019-B,PT00019,20250311,BUY,301225.SZ,恒勃股份,42.402359999999994,32158.210824763923,32100,1363584.0323475366,0.0034681988948665,0.001,daily_open_plus_slippage_no_l2
PF00038,PT00019-S,PT00019,20250312,SELL,301225.SZ,恒勃股份,45.544410000000006,32158.210824763923,32100,1466092.8315009875,0.0033094633833422,0.001,daily_price_minus_slippage_no_l2
PF00039,PT00020-B,PT00020,20250408,BUY,920087.BJ,秋乐种业,17.897879999999997,80604.57397743053,80600,1442650.992499174,0.0021297962701448,0.001,daily_open_plus_slippage_no_l2
PF00040,PT00020-S,PT00020,20250409,SELL,920087.BJ,秋乐种业,28.54143,80604.57397743053,80600,2302872.6785351904,0.002014753816398,0.001,daily_price_minus_slippage_no_l2
PF00041,PT00021-B,PT00021,20250416,BUY,920273.BJ,一致魔芋,60.059999999999995,35416.52293537929,35400,2127116.36749888,0.0037308451140508,0.001,daily_open_plus_slippage_no_l2
PF00042,PT00021-S,PT00021,20250417,SELL,920273.BJ,一致魔芋,78.921,35416.52293537929,35400,2797905.3118949635,0.0039641475967369,0.001,daily_price_minus_slippage_no_l2
PF00043,PT00022-B,PT00022,20250424,BUY,301000.SZ,肇民科技,50.270219999999995,52889.21464743845,52800,2658752.455953953,0.0012424332182172,0.001,daily_open_plus_slippage_no_l2
PF00044,PT00022-S,PT00022,20250425,SELL,301000.SZ,肇民科技,54.58536,52889.21464743845,52800,2889866.6883360366,0.0020762944951341,0.001,daily_price_minus_slippage_no_l2
PF00045,PT00023-B,PT00023,20250509,BUY,302132.SZ,中航成飞,88.088,32216.49038831663,32200,2837886.205326035,0.0003118705770062,0.001,daily_open_plus_slippage_no_l2
PF00046,PT00023-S,PT00023,20250512,SELL,302132.SZ,中航成飞,95.76414,32216.49038831663,32200,3088272.7686240324,0.0003170985249848,0.001,daily_price_minus_slippage_no_l2
PF00047,PT00024-B,PT00024,20250519,BUY,301260.SZ,格力博,21.051029999999997,144033.18684299206,144000,3032046.9372274308,0.002995678658382,0.001,daily_open_plus_slippage_no_l2
PF00048,PT00024-S,PT00024,20250520,SELL,301260.SZ,格力博,23.22675,144033.18684299206,144000,3348771.594099566,0.0031602273100533,0.001,daily_price_minus_slippage_no_l2
PF00049,PT00025-B,PT00025,20250523,BUY,300418.SZ,昆仑万维,38.34831,85500.98068517784,85500,3278818.112619212,0.0006273215858748,0.001,daily_open_plus_slippage_no_l2
PF00050,PT00025-S,PT00025,20250526,SELL,300418.SZ,昆仑万维,37.41255,85500.98068517784,85500,3202011.7266599103,0.0006440023241198,0.001,daily_price_minus_slippage_no_l2
PF00051,PT00026-B,PT00026,20250606,BUY,920748.BJ,路桥信息,55.11,58257.34070398273,58200,3210562.046196488,0.0053065301165308,0.002,daily_open_plus_slippage_no_l2
PF00052,PT00026-S,PT00026,20250609,SELL,920748.BJ,路桥信息,77.82404000000001,58257.34070398273,58200,4542907.428096574,0.0068708828763889,0.002,daily_price_minus_slippage_no_l2
PF00053,PT00027-B,PT00027,20250612,BUY,301110.SZ,青木科技,62.82275999999999,67889.54849197541,67800,4265008.811419732,0.0028214460222736,0.001,daily_open_plus_slippage_no_l2
PF00054,PT00027-S,PT00027,20250613,SELL,301110.SZ,青木科技,63.746190000000006,67889.54849197541,67800,4332032.089272951,0.0035805273076843,0.001,daily_price_minus_slippage_no_l2
PF00055,PT00028-B,PT00028,20250618,BUY,300457.SZ,赢合科技,20.5205,210016.0501260344,210000,4309634.356611288,0.0021025879331631,0.001,daily_open_plus_slippage_no_l2
PF00056,PT00028-S,PT00028,20250619,SELL,300457.SZ,赢合科技,21.0789,210016.0501260344,210000,4431338.657659326,0.0027762976022141,0.001,daily_price_minus_slippage_no_l2
PF00057,PT00029-B,PT00029,20250707,BUY,301389.SZ,隆扬电子,32.06203,137167.4669507022,137100,4397867.440397422,0.0029555403285441,0.001,daily_open_plus_slippage_no_l2
PF00058,PT00029-S,PT00029,20250708,SELL,301389.SZ,隆扬电子,33.62634,137167.4669507022,137100,4617056.937560636,0.0034003610098662,0.001,daily_price_minus_slippage_no_l2
PF00059,PT00030-B,PT00030,20250716,BUY,300378.SZ,鼎捷数智,46.31627,98536.12470035235,98500,4563825.756375189,0.0025563903169726,0.001,daily_open_plus_slippage_no_l2
PF00060,PT00030-S,PT00030,20250717,SELL,300378.SZ,鼎捷数智,45.77418,98536.12470035235,98500,4514925.233770146,0.0026763396207651,0.001,daily_price_minus_slippage_no_l2
PF00061,PT00031-B,PT00031,20250728,BUY,300781.SZ,因赛集团,44.924879999999995,100505.08047932186,100500,4515178.679923876,0.0037850036202138,0.001,daily_open_plus_slippage_no_l2
PF00062,PT00031-S,PT00031,20250729,SELL,300781.SZ,因赛集团,45.654300000000006,100505.08047932186,100500,4593082.177905008,0.0034849358870941,0.001,daily_price_minus_slippage_no_l2
PF00063,PT00032-B,PT00032,20250730,BUY,300528.SZ,幸福蓝海,22.53251,202728.2065334611,202700,4567975.340997278,0.002994861311464,0.001,daily_open_plus_slippage_no_l2
PF00064,PT00032-S,PT00032,20250731,SELL,300528.SZ,幸福蓝海,23.19678,202728.2065334611,202700,4707348.955706967,0.0022184325618133,0.001,daily_price_minus_slippage_no_l2
PF00065,PT00033-B,PT00033,20250903,BUY,920274.BJ,宏裕包材,38.55179999999999,121130.22628148441,121100,4669788.25755853,0.0112767275785399,0.005,daily_open_plus_slippage_no_l2
PF00066,PT00033-S,PT00033,20250904,SELL,920274.BJ,宏裕包材,62.61535,121130.22628148441,121100,7622725.139893815,0.0134527812428158,0.005,daily_price_minus_slippage_no_l2
PF00067,PT00034-B,PT00034,20250909,BUY,301538.SZ,骏鼎达,91.70625,76282.63959419762,76200,6995594.817285386,0.0117005377335452,0.005,daily_open_plus_slippage_no_l2
PF00068,PT00034-S,PT00034,20250910,SELL,301538.SZ,骏鼎达,91.1221,76282.63959419762,76200,6985964.134036619,0.0125670762079501,0.005,daily_price_minus_slippage_no_l2
PF00069,PT00035-B,PT00035,20251013,BUY,300260.SZ,新莱应材,60.28021999999999,115309.46840053047,115300,6950880.123267024,0.0025611885208248,0.001,daily_open_plus_slippage_no_l2
PF00070,PT00035-S,PT00035,20251014,SELL,300260.SZ,新莱应材,74.70522,115309.46840053047,115300,8622842.046991669,0.0010844841559233,0.001,daily_price_minus_slippage_no_l2
PF00071,PT00036-B,PT00036,20251015,BUY,301323.SZ,新莱福,83.39646,99195.37409584761,99100,8272543.047969392,0.0058060645468241,0.002,daily_open_plus_slippage_no_l2
PF00072,PT00036-S,PT00036,20251016,SELL,301323.SZ,新莱福,76.08752,99195.37409584761,99100,7562655.321067422,0.0064571390169907,0.002,daily_price_minus_slippage_no_l2
PF00073,PT00037-B,PT00037,20251020,BUY,300300.SZ,海峡创新,5.84166,1315004.879117227,1315000,7681811.402143939,0.0072974126247199,0.002,daily_open_plus_slippage_no_l2
PF00074,PT00037-S,PT00037,20251021,SELL,300300.SZ,海峡创新,6.0894,1315004.879117227,1315000,8047829.860197429,0.0103187720319078,0.005,daily_price_minus_slippage_no_l2
PF00075,PT00038-B,PT00038,20251022,BUY,301231.SZ,荣信文化,32.63514,243065.5796656231,243000,7932479.221568763,0.0098078088295307,0.002,daily_open_plus_slippage_no_l2
PF00076,PT00038-S,PT00038,20251023,SELL,301231.SZ,荣信文化,37.83985,243065.5796656231,243000,9243783.994683648,0.0157947115399114,0.005,daily_price_minus_slippage_no_l2
PF00077,PT00039-B,PT00039,20251029,BUY,920748.BJ,路桥信息,60.06885,148733.7848320849,148700,8934267.411010783,0.0168136014159142,0.005,daily_open_plus_slippage_no_l2
PF00078,PT00039-S,PT00039,20251030,SELL,920748.BJ,路桥信息,58.0932,148733.7848320849,148700,8727698.493946742,0.0239829972864827,0.01,daily_price_minus_slippage_no_l2
PF00079,PT00040-B,PT00040,20251103,BUY,300204.SZ,舒泰神,40.03999999999999,216973.32364743526,216900,8687611.878843306,0.0024821544355284,0.001,daily_open_plus_slippage_no_l2
PF00080,PT00040-S,PT00040,20251104,SELL,300204.SZ,舒泰神,38.01195,216973.32364743526,216900,8255834.964784911,0.0028599264732794,0.001,daily_price_minus_slippage_no_l2
PF00081,PT00041-B,PT00041,20251105,BUY,300402.SZ,宝色股份,26.025999999999996,319846.5586194491,319800,8324326.534629781,0.004368360454378,0.001,daily_open_plus_slippage_no_l2
PF00082,PT00041-S,PT00041,20251106,SELL,300402.SZ,宝色股份,26.0977,319846.5586194491,319800,8363987.507898594,0.0057091283704513,0.002,daily_price_minus_slippage_no_l2
PF00083,PT00042-B,PT00042,20251107,BUY,300437.SZ,清水源,12.180599999999998,684029.0795234483,684000,8331884.606043313,0.010932310247946,0.005,daily_open_plus_slippage_no_l2
PF00084,PT00042-S,PT00042,20251110,SELL,300437.SZ,清水源,17.55482,684029.0795234483,684000,12032071.508817457,0.0089383674491272,0.002,daily_price_minus_slippage_no_l2
PF00085,PT00043-B,PT00043,20251111,BUY,300997.SZ,欢乐家,24.17025,465944.07138523954,465900,11261984.691399086,0.0114591871727201,0.005,daily_open_plus_slippage_no_l2
PF00086,PT00043-S,PT00043,20251112,SELL,300997.SZ,欢乐家,28.00925,465944.07138523954,465900,13116325.609494492,0.0112094083550437,0.005,daily_price_minus_slippage_no_l2
PF00087,PT00044-B,PT00044,20251121,BUY,301092.SZ,争光股份,39.39,321868.4080039954,321800,12678396.59127738,0.0210051205218442,0.01,daily_open_plus_slippage_no_l2
PF00088,PT00044-S,PT00044,20251124,SELL,301092.SZ,争光股份,36.9666,321868.4080039954,321800,12018566.354869192,0.0315139362278009,0.01,daily_price_minus_slippage_no_l2
PF00089,PT00045-B,PT00045,20251126,BUY,301117.SZ,佳缘科技,52.13406,230903.8020313319,230900,12037952.669329578,0.0056388405473576,0.002,daily_open_plus_slippage_no_l2
PF00090,PT00045-S,PT00045,20251127,SELL,301117.SZ,佳缘科技,48.353100000000005,230903.8020313319,230900,11187289.20841803,0.0074740325127509,0.002,daily_price_minus_slippage_no_l2
PF00091,PT00046-B,PT00046,20251205,BUY,300946.SZ,恒而达,57.787499999999994,195957.9675744308,195900,11323921.05120742,0.0154531990928524,0.005,daily_open_plus_slippage_no_l2
PF00092,PT00046-S,PT00046,20251208,SELL,300946.SZ,恒而达,59.98855,195957.9675744308,195900,11814305.865062434,0.0181809345105613,0.005,daily_price_minus_slippage_no_l2
PF00093,PT00047-B,PT00047,20251215,BUY,920576.BJ,天力复合,66.33,175701.7319033441,175700,11654295.877148814,0.0113130879408328,0.005,daily_open_plus_slippage_no_l2
PF00094,PT00047-S,PT00047,20251216,SELL,920576.BJ,天力复合,81.47059999999999,175701.7319033441,175700,14386457.808245815,0.0138274367075409,0.005,daily_price_minus_slippage_no_l2
PF00095,PT00048-B,PT00048,20251222,BUY,300557.SZ,理工光科,41.747699999999995,329775.6672424266,329700,13767375.62333665,0.0125251930359037,0.005,daily_open_plus_slippage_no_l2
PF00096,PT00048-S,PT00048,20251223,SELL,300557.SZ,理工光科,36.218,329775.6672424266,329700,12003834.287624327,0.0188349923308079,0.005,daily_price_minus_slippage_no_l2
PF00097,PT00049-B,PT00049,20260105,BUY,300058.SZ,蓝色光标,11.7117,1049436.435257772,1049400,12290684.698808448,0.0007026978017693,0.001,daily_open_plus_slippage_no_l2
PF00098,PT00049-S,PT00049,20260106,SELL,300058.SZ,蓝色光标,13.64634,1049436.435257772,1049400,14335301.705621168,0.0008938714559007,0.001,daily_price_minus_slippage_no_l2
PF00099,PT00050-B,PT00050,20260116,BUY,301629.SZ,矽电股份,351.76005,39512.67727965262,39500,13898981.33552447,0.0101471725466022,0.005,daily_open_plus_slippage_no_l2
PF00100,PT00050-S,PT00050,20260119,SELL,301629.SZ,矽电股份,337.45425,39512.67727965262,39500,13400724.499394186,0.010835999482056,0.005,daily_price_minus_slippage_no_l2
PF00101,PT00051-B,PT00051,20260120,BUY,300658.SZ,延江股份,19.1352,701783.0954895599,701700,13428759.888811829,0.0106797494142676,0.005,daily_open_plus_slippage_no_l2
PF00102,PT00051-S,PT00051,20260121,SELL,300658.SZ,延江股份,20.795499999999997,701783.0954895599,701700,14667266.695731802,0.0122060518819439,0.005,daily_price_minus_slippage_no_l2
PF00103,PT00052-B,PT00052,20260126,BUY,920368.BJ,连城数控,52.104,275285.8244040568,275200,14343492.594748978,0.0079725014355881,0.002,daily_open_plus_slippage_no_l2
PF00104,PT00052-S,PT00052,20260127,SELL,920368.BJ,连城数控,58.882,275285.8244040568,275200,16241863.639839351,0.0088893989538032,0.002,daily_price_minus_slippage_no_l2
PF00105,PT00053-B,PT00053,20260129,BUY,300164.SZ,通源石油,12.15214,1301631.9168965088,1301600,15817613.28259474,0.0046237572275022,0.001,daily_open_plus_slippage_no_l2
PF00106,PT00053-S,PT00053,20260130,SELL,300164.SZ,通源石油,12.86712,1301631.9168965088,1301600,16765019.089627031,0.0038806412616409,0.001,daily_price_minus_slippage_no_l2
PF00107,PT00054-B,PT00054,20260227,BUY,300499.SZ,高澜股份,38.038,434871.08381446527,434800,16541626.286134629,0.0049659112753269,0.001,daily_open_plus_slippage_no_l2
PF00108,PT00054-S,PT00054,20260302,SELL,300499.SZ,高澜股份,39.0218,434871.08381446527,434800,17003459.377145592,0.0066584044731079,0.002,daily_price_minus_slippage_no_l2
PF00109,PT00055-B,PT00055,20260310,BUY,301606.SZ,绿联科技,90.20004,186945.0310251873,186900,16862449.276273135,0.0094501705895134,0.002,daily_open_plus_slippage_no_l2
PF00110,PT00055-S,PT00055,20260311,SELL,301606.SZ,绿联科技,84.6304,186945.0310251873,186900,15852938.63093588,0.0083979652740709,0.002,daily_price_minus_slippage_no_l2
PF00111,PT00056-B,PT00056,20260330,BUY,300204.SZ,舒泰神,28.5069,561535.0081535272,561500,16007622.323931783,0.006341997198862,0.002,daily_open_plus_slippage_no_l2
PF00112,PT00056-S,PT00056,20260331,SELL,300204.SZ,舒泰神,29.96994,561535.0081535272,561500,16862896.29485042,0.0070017054910234,0.002,daily_price_minus_slippage_no_l2
PF00113,PT00057-B,PT00057,20260410,BUY,300489.SZ,光智科技,61.51278,270579.78826616384,270500,16644114.98806312,0.008355626046204,0.002,daily_open_plus_slippage_no_l2
PF00114,PT00057-S,PT00057,20260413,SELL,300489.SZ,光智科技,67.96845,270579.78826616384,270500,18483305.336461656,0.0154649000577214,0.005,daily_price_minus_slippage_no_l2
PF00115,PT00058-B,PT00058,20260415,BUY,301189.SZ,奥尼电子,85.01294999999999,211967.27407308627,211900,18019963.272411577,0.0158152934887922,0.005,daily_open_plus_slippage_no_l2
PF00116,PT00058-S,PT00058,20260416,SELL,301189.SZ,奥尼电子,81.4308,211967.27407308627,211900,17347401.71014138,0.0106535432649677,0.005,daily_price_minus_slippage_no_l2
PF00117,PT00059-B,PT00059,20260420,BUY,301319.SZ,唯特偶,69.21435,251236.49276997917,251200,17389170.543353807,0.0158819357982972,0.005,daily_open_plus_slippage_no_l2
PF00118,PT00059-S,PT00059,20260421,SELL,301319.SZ,唯特偶,72.3789,251236.49276997917,251200,18367899.986413177,0.0200577059086817,0.01,daily_price_minus_slippage_no_l2
