trade_date,ts_code,name,market_segment,buy_trade_date,exit_trade_date,buy_executed_bool,sell_executed_bool,equity_before,target_buy_amount,actual_buy_amount,actual_position_pct,buy_amount_ratio,sell_amount_ratio,dynamic_buy_slippage_rate,dynamic_sell_slippage_rate,dynamic_buy_price,dynamic_sell_price,dynamic_account_return,limit_down_blocked_days,path_conflict_bool,fill_probability,allow_buy_reliable_bool,is_fill_score_reliable_bool,risk_flags,issue_count,issue_labels,executability_status,issue_buy_not_executed,issue_sell_not_executed,issue_high_buy_amount_ratio,issue_high_sell_amount_ratio,issue_high_buy_slippage,issue_high_sell_slippage,issue_limit_down_blocked,issue_path_conflict,issue_low_fill_probability,issue_fill_score_unreliable,issue_loss_overlay_watch,scenario,scenario_description,rejected_by_scenario,scenario_account_return,scenario_trade_status,scenario_equity_after,scenario_peak_equity,scenario_drawdown
20241227,300599.SZ,雄塑科技,chi_next,20241230,20241231,True,True,1654961.0230196996,1323968.8184157598,1323968.8184157598,0.8,0.0070188988855547,0.0112191061349021,0.002,0.005,7.99596,7.1838999999999995,-0.0825430297500238,0,False,1.0,True,True,LOSS_OVERLAY_WATCH,1,loss_overlay_watch,REVIEW,False,False,False,False,False,False,False,False,False,False,True,reject_loss_overlay_watch,跳过命中 LOSS_OVERLAY_WATCH 的交易。,True,0.0,SCENARIO_REJECTED_SKIP,1654961.0230196987,1654961.0230196987,0.0
20251028,920748.BJ,路桥信息,bj,20251029,20251030,True,True,11167834.263763478,8934267.411010783,8934267.411010783,0.8,0.0168136014159142,0.0239829972864827,0.005,0.01,60.06885,58.0932,-0.0276078072012366,0,False,1.0,True,True,LOSS_OVERLAY_WATCH,2,high_sell_slippage;loss_overlay_watch,REVIEW,False,False,False,False,False,True,False,False,False,False,True,reject_loss_overlay_watch,跳过命中 LOSS_OVERLAY_WATCH 的交易。,True,0.0,SCENARIO_REJECTED_SKIP,12172597.32706658,12172597.32706658,0.0
20251125,301117.SZ,佳缘科技,chi_next,20251126,20251127,True,True,15047440.836661972,12037952.669329578,12037952.669329578,0.8,0.0056388405473576,0.0074740325127509,0.002,0.002,52.13406,48.353100000000005,-0.0593150378420555,0,False,1.0,True,True,LOSS_OVERLAY_WATCH,1,loss_overlay_watch,REVIEW,False,False,False,False,False,False,False,False,False,False,True,reject_loss_overlay_watch,跳过命中 LOSS_OVERLAY_WATCH 的交易。,True,0.0,SCENARIO_REJECTED_SKIP,16866908.02139576,17764262.332472075,-0.05051458339680115
20251219,300557.SZ,理工光科,chi_next,20251222,20251223,True,True,17209219.52917081,13767375.62333665,13767375.62333665,0.8,0.0125251930359037,0.0188349923308079,0.005,0.005,41.747699999999995,36.218,-0.1072601608998818,0,False,1.0,True,True,LOSS_OVERLAY_WATCH,1,loss_overlay_watch,REVIEW,False,False,False,False,False,False,False,False,False,False,True,reject_loss_overlay_watch,跳过命中 LOSS_OVERLAY_WATCH 的交易。,True,0.0,SCENARIO_REJECTED_SKIP,20506417.98761618,20506417.98761618,0.0
20260309,301606.SZ,绿联科技,chi_next,20260310,20260311,True,True,21078061.595341414,16862449.276273135,16862449.276273135,0.8,0.0094501705895134,0.0083979652740709,0.002,0.002,90.20004,84.6304,-0.0506941155662459,0,False,1.0,True,True,LOSS_OVERLAY_WATCH,1,loss_overlay_watch,REVIEW,False,False,False,False,False,False,False,False,False,False,True,reject_loss_overlay_watch,跳过命中 LOSS_OVERLAY_WATCH 的交易。,True,0.0,SCENARIO_REJECTED_SKIP,28134187.934033994,28134187.934033994,0.0
20251028,920748.BJ,路桥信息,bj,20251029,20251030,True,True,11167834.263763478,8934267.411010783,8934267.411010783,0.8,0.0168136014159142,0.0239829972864827,0.005,0.01,60.06885,58.0932,-0.0276078072012366,0,False,1.0,True,True,LOSS_OVERLAY_WATCH,2,high_sell_slippage;loss_overlay_watch,REVIEW,False,False,False,False,False,True,False,False,False,False,True,reject_slippage_warnings,跳过买入或卖出滑点超过阈值的交易。,True,0.0,SCENARIO_REJECTED_SKIP,11167834.263763467,11167834.263763467,0.0
20251120,301092.SZ,争光股份,chi_next,20251121,20251124,True,True,15847995.739096723,12678396.59127738,12678396.59127738,0.8,0.0210051205218442,0.0315139362278009,0.01,0.01,39.39,36.9666,-0.0505145833968012,0,False,1.0,True,True,无,3,high_sell_amount_ratio;high_buy_slippage;high_sell_slippage,REVIEW,False,False,False,True,True,True,False,False,False,False,False,reject_slippage_warnings,跳过买入或卖出滑点超过阈值的交易。,True,0.0,SCENARIO_REJECTED_SKIP,16297946.298275612,16297946.298275612,0.0
20260417,301319.SZ,唯特偶,chi_next,20260420,20260421,True,True,21736463.179192256,17389170.543353807,17389170.543353807,0.8000000000000002,0.0158819357982972,0.0200577059086817,0.005,0.01,69.21435,72.3789,0.0352808081329955,0,False,1.0,True,True,无,1,high_sell_slippage,REVIEW,False,False,False,False,False,True,False,False,False,False,False,reject_slippage_warnings,跳过买入或卖出滑点超过阈值的交易。,True,0.0,SCENARIO_REJECTED_SKIP,23542854.459729336,24396872.273715205,-0.0350052172427846
20251120,301092.SZ,争光股份,chi_next,20251121,20251124,True,True,15847995.739096723,12678396.59127738,12678396.59127738,0.8,0.0210051205218442,0.0315139362278009,0.01,0.01,39.39,36.9666,-0.0505145833968012,0,False,1.0,True,True,无,3,high_sell_amount_ratio;high_buy_slippage;high_sell_slippage,REVIEW,False,False,False,True,True,True,False,False,False,False,False,reject_amount_ratio_warnings,跳过买入或卖出成交额占比超过阈值的交易。,True,0.0,SCENARIO_REJECTED_SKIP,15847995.73909671,15847995.73909671,0.0
20241227,300599.SZ,雄塑科技,chi_next,20241230,20241231,True,True,1654961.0230196996,1323968.8184157598,1323968.8184157598,0.8,0.0070188988855547,0.0112191061349021,0.002,0.005,7.99596,7.1838999999999995,-0.0825430297500238,0,False,1.0,True,True,LOSS_OVERLAY_WATCH,1,loss_overlay_watch,REVIEW,False,False,False,False,False,False,False,False,False,False,True,reject_loss_overlay_or_slippage,跳过 LOSS_OVERLAY_WATCH 或高滑点交易。,True,0.0,SCENARIO_REJECTED_SKIP,1654961.0230196987,1654961.0230196987,0.0
20251028,920748.BJ,路桥信息,bj,20251029,20251030,True,True,11167834.263763478,8934267.411010783,8934267.411010783,0.8,0.0168136014159142,0.0239829972864827,0.005,0.01,60.06885,58.0932,-0.0276078072012366,0,False,1.0,True,True,LOSS_OVERLAY_WATCH,2,high_sell_slippage;loss_overlay_watch,REVIEW,False,False,False,False,False,True,False,False,False,False,True,reject_loss_overlay_or_slippage,跳过 LOSS_OVERLAY_WATCH 或高滑点交易。,True,0.0,SCENARIO_REJECTED_SKIP,12172597.32706658,12172597.32706658,0.0
20251120,301092.SZ,争光股份,chi_next,20251121,20251124,True,True,15847995.739096723,12678396.59127738,12678396.59127738,0.8,0.0210051205218442,0.0315139362278009,0.01,0.01,39.39,36.9666,-0.0505145833968012,0,False,1.0,True,True,无,3,high_sell_amount_ratio;high_buy_slippage;high_sell_slippage,REVIEW,False,False,False,True,True,True,False,False,False,False,False,reject_loss_overlay_or_slippage,跳过 LOSS_OVERLAY_WATCH 或高滑点交易。,True,0.0,SCENARIO_REJECTED_SKIP,17764262.332472075,17764262.332472075,0.0
20251125,301117.SZ,佳缘科技,chi_next,20251126,20251127,True,True,15047440.836661972,12037952.669329578,12037952.669329578,0.8,0.0056388405473576,0.0074740325127509,0.002,0.002,52.13406,48.353100000000005,-0.0593150378420555,0,False,1.0,True,True,LOSS_OVERLAY_WATCH,1,loss_overlay_watch,REVIEW,False,False,False,False,False,False,False,False,False,False,True,reject_loss_overlay_or_slippage,跳过 LOSS_OVERLAY_WATCH 或高滑点交易。,True,0.0,SCENARIO_REJECTED_SKIP,17764262.332472075,17764262.332472075,0.0
20251219,300557.SZ,理工光科,chi_next,20251222,20251223,True,True,17209219.52917081,13767375.62333665,13767375.62333665,0.8,0.0125251930359037,0.0188349923308079,0.005,0.005,41.747699999999995,36.218,-0.1072601608998818,0,False,1.0,True,True,LOSS_OVERLAY_WATCH,1,loss_overlay_watch,REVIEW,False,False,False,False,False,False,False,False,False,False,True,reject_loss_overlay_or_slippage,跳过 LOSS_OVERLAY_WATCH 或高滑点交易。,True,0.0,SCENARIO_REJECTED_SKIP,21597401.738910597,21597401.738910597,0.0
20260309,301606.SZ,绿联科技,chi_next,20260310,20260311,True,True,21078061.595341414,16862449.276273135,16862449.276273135,0.8,0.0094501705895134,0.0083979652740709,0.002,0.002,90.20004,84.6304,-0.0506941155662459,0,False,1.0,True,True,LOSS_OVERLAY_WATCH,1,loss_overlay_watch,REVIEW,False,False,False,False,False,False,False,False,False,False,True,reject_loss_overlay_or_slippage,跳过 LOSS_OVERLAY_WATCH 或高滑点交易。,True,0.0,SCENARIO_REJECTED_SKIP,29630984.786142956,29630984.786142956,0.0
20260417,301319.SZ,唯特偶,chi_next,20260420,20260421,True,True,21736463.179192256,17389170.543353807,17389170.543353807,0.8000000000000002,0.0158819357982972,0.0200577059086817,0.005,0.01,69.21435,72.3789,0.0352808081329955,0,False,1.0,True,True,无,1,high_sell_slippage,REVIEW,False,False,False,False,False,True,False,False,False,False,False,reject_loss_overlay_or_slippage,跳过 LOSS_OVERLAY_WATCH 或高滑点交易。,True,0.0,SCENARIO_REJECTED_SKIP,32188306.132350355,33355937.987955593,-0.0350052172427846
20241227,300599.SZ,雄塑科技,chi_next,20241230,20241231,True,True,1654961.0230196996,1323968.8184157598,1323968.8184157598,0.8,0.0070188988855547,0.0112191061349021,0.002,0.005,7.99596,7.1838999999999995,-0.0825430297500238,0,False,1.0,True,True,LOSS_OVERLAY_WATCH,1,loss_overlay_watch,REVIEW,False,False,False,False,False,False,False,False,False,False,True,reject_any_executability_review,跳过所有可执行性审计 REVIEW 交易。,True,0.0,SCENARIO_REJECTED_SKIP,1654961.0230196987,1654961.0230196987,0.0
20251028,920748.BJ,路桥信息,bj,20251029,20251030,True,True,11167834.263763478,8934267.411010783,8934267.411010783,0.8,0.0168136014159142,0.0239829972864827,0.005,0.01,60.06885,58.0932,-0.0276078072012366,0,False,1.0,True,True,LOSS_OVERLAY_WATCH,2,high_sell_slippage;loss_overlay_watch,REVIEW,False,False,False,False,False,True,False,False,False,False,True,reject_any_executability_review,跳过所有可执行性审计 REVIEW 交易。,True,0.0,SCENARIO_REJECTED_SKIP,12172597.32706658,12172597.32706658,0.0
20251120,301092.SZ,争光股份,chi_next,20251121,20251124,True,True,15847995.739096723,12678396.59127738,12678396.59127738,0.8,0.0210051205218442,0.0315139362278009,0.01,0.01,39.39,36.9666,-0.0505145833968012,0,False,1.0,True,True,无,3,high_sell_amount_ratio;high_buy_slippage;high_sell_slippage,REVIEW,False,False,False,True,True,True,False,False,False,False,False,reject_any_executability_review,跳过所有可执行性审计 REVIEW 交易。,True,0.0,SCENARIO_REJECTED_SKIP,17764262.332472075,17764262.332472075,0.0
20251125,301117.SZ,佳缘科技,chi_next,20251126,20251127,True,True,15047440.836661972,12037952.669329578,12037952.669329578,0.8,0.0056388405473576,0.0074740325127509,0.002,0.002,52.13406,48.353100000000005,-0.0593150378420555,0,False,1.0,True,True,LOSS_OVERLAY_WATCH,1,loss_overlay_watch,REVIEW,False,False,False,False,False,False,False,False,False,False,True,reject_any_executability_review,跳过所有可执行性审计 REVIEW 交易。,True,0.0,SCENARIO_REJECTED_SKIP,17764262.332472075,17764262.332472075,0.0
20251219,300557.SZ,理工光科,chi_next,20251222,20251223,True,True,17209219.52917081,13767375.62333665,13767375.62333665,0.8,0.0125251930359037,0.0188349923308079,0.005,0.005,41.747699999999995,36.218,-0.1072601608998818,0,False,1.0,True,True,LOSS_OVERLAY_WATCH,1,loss_overlay_watch,REVIEW,False,False,False,False,False,False,False,False,False,False,True,reject_any_executability_review,跳过所有可执行性审计 REVIEW 交易。,True,0.0,SCENARIO_REJECTED_SKIP,21597401.738910597,21597401.738910597,0.0
20260309,301606.SZ,绿联科技,chi_next,20260310,20260311,True,True,21078061.595341414,16862449.276273135,16862449.276273135,0.8,0.0094501705895134,0.0083979652740709,0.002,0.002,90.20004,84.6304,-0.0506941155662459,0,False,1.0,True,True,LOSS_OVERLAY_WATCH,1,loss_overlay_watch,REVIEW,False,False,False,False,False,False,False,False,False,False,True,reject_any_executability_review,跳过所有可执行性审计 REVIEW 交易。,True,0.0,SCENARIO_REJECTED_SKIP,29630984.786142956,29630984.786142956,0.0
20260417,301319.SZ,唯特偶,chi_next,20260420,20260421,True,True,21736463.179192256,17389170.543353807,17389170.543353807,0.8000000000000002,0.0158819357982972,0.0200577059086817,0.005,0.01,69.21435,72.3789,0.0352808081329955,0,False,1.0,True,True,无,1,high_sell_slippage,REVIEW,False,False,False,False,False,True,False,False,False,False,False,reject_any_executability_review,跳过所有可执行性审计 REVIEW 交易。,True,0.0,SCENARIO_REJECTED_SKIP,32188306.132350355,33355937.987955593,-0.0350052172427846
20241227,300599.SZ,雄塑科技,chi_next,20241230,20241231,True,True,1654961.0230196996,1323968.8184157598,1323968.8184157598,0.8,0.0070188988855547,0.0112191061349021,0.002,0.005,7.99596,7.1838999999999995,-0.0825430297500238,0,False,1.0,True,True,LOSS_OVERLAY_WATCH,1,loss_overlay_watch,REVIEW,False,False,False,False,False,False,False,False,False,False,True,diagnostic_reject_negative_review_only,诊断项：只跳过复核项中的亏损交易。该规则使用事后收益，只能诊断，不能直接实盘。,True,0.0,SCENARIO_REJECTED_SKIP,1654961.0230196987,1654961.0230196987,0.0
20251028,920748.BJ,路桥信息,bj,20251029,20251030,True,True,11167834.263763478,8934267.411010783,8934267.411010783,0.8,0.0168136014159142,0.0239829972864827,0.005,0.01,60.06885,58.0932,-0.0276078072012366,0,False,1.0,True,True,LOSS_OVERLAY_WATCH,2,high_sell_slippage;loss_overlay_watch,REVIEW,False,False,False,False,False,True,False,False,False,False,True,diagnostic_reject_negative_review_only,诊断项：只跳过复核项中的亏损交易。该规则使用事后收益，只能诊断，不能直接实盘。,True,0.0,SCENARIO_REJECTED_SKIP,12172597.32706658,12172597.32706658,0.0
20251120,301092.SZ,争光股份,chi_next,20251121,20251124,True,True,15847995.739096723,12678396.59127738,12678396.59127738,0.8,0.0210051205218442,0.0315139362278009,0.01,0.01,39.39,36.9666,-0.0505145833968012,0,False,1.0,True,True,无,3,high_sell_amount_ratio;high_buy_slippage;high_sell_slippage,REVIEW,False,False,False,True,True,True,False,False,False,False,False,diagnostic_reject_negative_review_only,诊断项：只跳过复核项中的亏损交易。该规则使用事后收益，只能诊断，不能直接实盘。,True,0.0,SCENARIO_REJECTED_SKIP,17764262.332472075,17764262.332472075,0.0
20251125,301117.SZ,佳缘科技,chi_next,20251126,20251127,True,True,15047440.836661972,12037952.669329578,12037952.669329578,0.8,0.0056388405473576,0.0074740325127509,0.002,0.002,52.13406,48.353100000000005,-0.0593150378420555,0,False,1.0,True,True,LOSS_OVERLAY_WATCH,1,loss_overlay_watch,REVIEW,False,False,False,False,False,False,False,False,False,False,True,diagnostic_reject_negative_review_only,诊断项：只跳过复核项中的亏损交易。该规则使用事后收益，只能诊断，不能直接实盘。,True,0.0,SCENARIO_REJECTED_SKIP,17764262.332472075,17764262.332472075,0.0
20251219,300557.SZ,理工光科,chi_next,20251222,20251223,True,True,17209219.52917081,13767375.62333665,13767375.62333665,0.8,0.0125251930359037,0.0188349923308079,0.005,0.005,41.747699999999995,36.218,-0.1072601608998818,0,False,1.0,True,True,LOSS_OVERLAY_WATCH,1,loss_overlay_watch,REVIEW,False,False,False,False,False,False,False,False,False,False,True,diagnostic_reject_negative_review_only,诊断项：只跳过复核项中的亏损交易。该规则使用事后收益，只能诊断，不能直接实盘。,True,0.0,SCENARIO_REJECTED_SKIP,21597401.738910597,21597401.738910597,0.0
20260309,301606.SZ,绿联科技,chi_next,20260310,20260311,True,True,21078061.595341414,16862449.276273135,16862449.276273135,0.8,0.0094501705895134,0.0083979652740709,0.002,0.002,90.20004,84.6304,-0.0506941155662459,0,False,1.0,True,True,LOSS_OVERLAY_WATCH,1,loss_overlay_watch,REVIEW,False,False,False,False,False,False,False,False,False,False,True,diagnostic_reject_negative_review_only,诊断项：只跳过复核项中的亏损交易。该规则使用事后收益，只能诊断，不能直接实盘。,True,0.0,SCENARIO_REJECTED_SKIP,29630984.786142956,29630984.786142956,0.0
