trade_date,ts_code,name,limit_close,limit_pct_chg,fd_amount,first_time,last_time,open_times,limit,limit_amount,limit_times,open,high,low,close,pre_close,pct_chg,vol,amount,turnover_rate,turnover_rate_f,volume_ratio,float_share,free_share,total_mv,circ_mv,is_low_amount,market_segment,limit_pct,first_time_bucket,board_type,is_st,limit_pct_bucket,fd_amount_to_circ_mv,is_fd_amount_abnormal,stock_count,up_count,down_count,flat_count,limit_up_count,limit_up_max_height,one_word_limit_count,opened_limit_count,total_amount,limit_up_fd_amount_sum,market_sentiment_level,sh_main_stock_count,sh_main_limit_up_count,sh_main_limit_up_ratio,sh_main_market_sentiment_level,sz_main_stock_count,sz_main_limit_up_count,sz_main_limit_up_ratio,sz_main_market_sentiment_level,chi_next_stock_count,chi_next_limit_up_count,chi_next_limit_up_ratio,chi_next_market_sentiment_level,star_stock_count,star_limit_up_count,star_limit_up_ratio,star_market_sentiment_level,bj_stock_count,bj_limit_up_count,bj_limit_up_ratio,bj_market_sentiment_level,other_stock_count,other_limit_up_count,other_limit_up_ratio,other_market_sentiment_level,main_board_limit_up_count,growth_board_limit_up_count,limit_5cm_count,limit_10cm_count,limit_20cm_count,limit_30cm_count,segment_limit_up_count,segment_stock_count,segment_limit_up_ratio,segment_market_sentiment_level,limit_times_fill_model,limit_times_bucket,board_type_fill_model,first_time_bucket_fill_model,market_sentiment_level_fill_model,market_segment_fill_model,segment_market_sentiment_level_fill_model,matched_source,sample_count,is_sample_enough,suggested_turnover_rate,circ_mv_fill_model,current_queue_amount,planned_buy_amount,estimated_turnover_amount,available_fill_amount,fill_probability,position_scale,allow_buy,min_fill_probability,score_error,is_fill_score_reliable,allow_buy_reliable,next_trade_date,next_open,exit_trade_date,exit_close,gross_return,fee_rate,net_return,is_win,holding_days_rule,prev_pct_chg,prev2_pct_chg,two_day_pct_chg,prev_amount,prev_turnover_rate,amount_ratio_1d,turnover_ratio_1d,market_leader_rank,segment_market_leader_rank,limit_height_rank,segment_limit_height_rank,theme_heat_score,same_theme_limit_count,retreat_state,segment_retreat_state,market_emotion_state,market_emotion_score,market_limit_down_count,market_limit_down_ratio,market_chain_count,market_limit_max_height,segment_emotion_state,segment_emotion_score,segment_limit_down_count,segment_limit_down_ratio,segment_chain_count,segment_limit_max_height,segment_open_rate,first_time_minutes,theme_heat_bucket,same_theme_limit_count_bucket,theme_limit_count_bucket,theme_limit_height_bucket,theme_heat_rank_bucket,theme_leader_rank_bucket,theme_height_rank_bucket,theme_is_mainline_bucket,market_emotion_state_bucket,segment_emotion_state_bucket,market_chain_count_bucket,segment_chain_count_bucket,market_limit_down_count_bucket,segment_limit_down_count_bucket,segment_limit_down_ratio_bucket,segment_limit_max_height_bucket,market_leader_rank_bucket,segment_market_leader_rank_bucket,limit_height_rank_bucket,segment_limit_height_rank_bucket,first_time_detail_bucket,limit_times_detail_bucket,open_times_bucket,amount_bucket,turnover_rate_bucket,volume_ratio_bucket,fd_ratio_bucket,pct_chg_bucket,prev_pct_chg_bucket,amount_ratio_bucket,limit_up_count_bucket,segment_limit_up_count_bucket,segment_limit_up_ratio_bucket,auction_strength_bucket,open_5m_strength_bucket,sector_moneyflow_bucket,top_list_net_buy_bucket,retreat_state_bucket,segment_retreat_state_bucket,profit_source_score,d1_trade_date,d1_open,d1_high,d1_low,d1_close,d1_pre_close,d1_pct_chg,d2_trade_date,d2_open,d2_high,d2_low,d2_close,d2_pre_close,d2_pct_chg,d3_trade_date,d3_open,d3_high,d3_low,d3_close,d3_pre_close,d3_pct_chg,d4_trade_date,d4_open,d4_high,d4_low,d4_close,d4_pre_close,d4_pct_chg,d5_trade_date,d5_open,d5_high,d5_low,d5_close,d5_pre_close,d5_pct_chg,replay_rule,planned_position_pct,buy_executed,buy_reject_reason,buy_trade_date,buy_price_before_slippage,buy_price,buy_price_model,sell_executed,sell_reject_reason,exit_price_before_slippage,exit_price,exit_reason,sell_price_model,path_conflict,limit_down_blocked_days,daily_return,strict_account_return,strict_return_source
20240926,002036.SZ,联创电子,7.61,9.97,54545436.0,112145,112145,0,U,,1,6.92,7.61,6.92,7.61,6.92,9.9711,1157451.91,842399.687,10.9865,12.0415,1.49,105352.1028,96122.0042,813180.6452,801729.5023,False,sz_main,0.1,midday,one_word,False,10cm,0.0068034712260831,False,5348,5144,177,27,144,10,75,69,1166765356.686,6349696639.0,strong,1687,71,0.0420865441612329,very_strong,1480,60,0.0405405405405405,very_strong,1351,10,0.00740192450037,weak,576,2,0.0034722222222222,weak,253,1,0.0039525691699604,weak,1,0,0.0,weak,131,12,0,131,12,1,60,1480,0.0405405405405405,very_strong,1,1,one_word,midday,strong,sz_main,very_strong,exact,1877,True,3.4765,801729.5023,54545436.0,100000.0,278721261.474595,224175825.474595,1.0,1.0,True,0.6,,True,True,20240927,7.8,20241008,8.97,0.1500000000000001,0.00362,0.2612363743948362,True,T+1_open_buy_T+2_close_sell,-0.7174,2.0498,1.3323999999999998,601288.97,8.1029,1.4009897553916548,1.3558725888262226,45,19,5.0,4.0,,,neutral,neutral,main_rise,15.070157068062828,1,0.00018698578908,22,10,climax,17.554054054054056,0,0.0,11,10,0.3833333333333333,681,unknown,unknown,unknown,unknown,unknown,unknown,unknown,unknown,main_rise,climax,15_30,gte_10,lt_5,lt_1,lt_0_1pct,gte_6,rank_gt_30,rank_11_30,rank_4_10,rank_4_10,1100_1330,1,0,8e8_15e8,10_15,1_2,0_5pct_1pct,9_5_10_5,neg3_0,1_2_2,120_180,40_80,3pct_5pct,unknown,unknown,unknown,unknown,neutral,neutral,2.8,20240927,7.8,8.3,7.69,8.15,7.61,7.0959,20240930,8.58,8.97,8.3,8.97,8.15,10.0613,20241008,9.87,9.87,9.06,9.87,8.97,10.0334,20241009,9.73,10.78,9.18,10.23,9.87,3.6474,20241010,10.22,10.29,9.35,9.37,10.23,-8.4066,fixed_hold3_close,0.8,True,,20240927,7.8,7.8077999999999985,daily_open_plus_slippage_no_l2,True,,9.87,9.86013,fixed_close,daily_price_minus_slippage_no_l2,False,0,0.20898909951586897,0.20898909951586897,c_conservative_daily_replay_fixed_hold3_close
20241018,002685.SZ,华东重机,5.57,10.08,69898759.0,131448,131448,0,U,,1,4.86,5.57,4.8,5.57,5.06,10.0791,2049654.47,1076647.332,20.3428,29.3692,1.36,100755.6316,69789.3212,561283.687,561208.868,False,sz_main,0.1,midday,one_word,False,10cm,0.0124550346556533,False,5351,5095,200,56,132,6,60,72,2134721873.265,13340770920.0,strong,1686,44,0.026097271648873,strong,1480,42,0.0283783783783783,strong,1354,20,0.0147710487444608,neutral,576,10,0.0173611111111111,neutral,254,16,0.0629921259842519,very_strong,1,0,0.0,weak,86,30,0,86,30,16,42,1480,0.0283783783783783,strong,1,1,one_word,midday,strong,sz_main,strong,exact,2987,True,4.0277,561208.868,69898759.0,100000.0,226038095.76436,156139336.76436,1.0,1.0,True,0.6,,True,True,20241021,6.13,,6.74,0.099510603588907,0.00362,0.0,False,T+1_open_buy_T+2_close_sell,7.431,3.5165,10.9475,1354272.404,26.7103,0.79500056917648,0.7616088175722474,94,35,5.0,4.0,,,neutral,neutral,main_rise,12.666828630162588,0,0.0,27,6,main_rise,10.83783783783784,0,0.0,8,5,0.5238095238095238,794,unknown,unknown,unknown,unknown,unknown,unknown,unknown,unknown,main_rise,main_rise,15_30,5_10,lt_5,lt_1,lt_0_1pct,4_5,rank_gt_30,rank_gt_30,rank_4_10,rank_4_10,1100_1330,1,0,8e8_15e8,15_25,1_2,1pct_2pct,9_5_10_5,7_10,lt_0_8,120_180,40_80,2pct_3pct,unknown,unknown,unknown,unknown,neutral,neutral,2.8,20241021,6.13,6.13,6.13,6.13,5.57,10.0539,20241022,6.74,6.74,6.74,6.74,6.13,9.9511,20241023,7.41,7.41,7.41,7.41,6.74,9.9407,20241024,8.15,8.15,6.67,6.9,7.41,-6.8826,20241025,7.2,7.59,6.99,7.59,6.9,10.0,fixed_hold3_close,0.8,False,open_limit_up_unbuyable,20241021,6.13,,daily_open_limit_up_queue_rejected,False,,,,no_buy,,False,0,0.0,0.0,c_conservative_daily_replay_fixed_hold3_close
20241024,002229.SZ,鸿博股份,13.89,9.98,203148722.0,130009,130009,0,U,,1,12.45,13.89,12.45,13.89,12.63,9.9762,1214047.67,1617758.051,24.6175,27.6241,1.46,49316.4301,43948.9216,689209.9768,685005.2141,False,sz_main,0.1,midday,one_word,False,10cm,0.0296565219969761,False,5349,2141,3051,157,99,10,59,40,1565233872.073,8989873965.0,neutral,1687,37,0.0219324244220509,strong,1480,42,0.0283783783783783,strong,1355,8,0.0059040590405904,weak,573,2,0.0034904013961605,weak,253,10,0.0395256916996047,very_strong,1,0,0.0,weak,79,10,0,79,10,10,42,1480,0.0283783783783783,strong,1,1,one_word,midday,neutral,sz_main,strong,exact,2987,True,4.0277,685005.2141,203148722.0,100000.0,275899550.08305705,72750828.08305705,1.0,1.0,True,0.6,,True,True,20241025,15.0,20241029,16.29,0.0859999999999998,0.00362,-0.0056140059940059,False,T+1_open_buy_T+2_close_sell,1.7728,10.0177,11.7905,2137019.884,33.1639,0.7570159094504709,0.7422981012486469,68,31,7.0,5.0,,,retreat_2day,retreat_2day,retreat,14.961076836791923,4,0.0007478033277248,26,10,retreat,13.35675675675676,1,0.0006756756756756,10,7,0.3095238095238095,780,unknown,unknown,unknown,unknown,unknown,unknown,unknown,unknown,retreat,retreat,15_30,5_10,lt_5,lt_1,lt_0_1pct,gte_6,rank_gt_30,rank_gt_30,rank_4_10,rank_4_10,1100_1330,1,0,gte_15e8,15_25,1_2,2pct_5pct,9_5_10_5,0_3,lt_0_8,80_120,40_80,2pct_3pct,unknown,unknown,unknown,unknown,retreat_2day,retreat_2day,0.8,20241025,15.0,15.28,14.24,15.28,13.89,10.0072,20241028,15.3,16.81,15.28,16.29,15.28,6.6099,20241029,15.64,16.11,14.78,14.97,16.29,-8.1031,20241030,14.29,14.78,13.86,14.4,14.97,-3.8076,20241031,14.1,15.79,14.1,15.16,14.4,5.2778,fixed_hold3_close,0.8,True,,20241025,15.0,15.014999999999999,daily_open_plus_slippage_no_l2,True,,14.97,14.95503,fixed_close,daily_price_minus_slippage_no_l2,False,0,-0.00449120479520472,-0.00449120479520472,c_conservative_daily_replay_fixed_hold3_close
20241104,001319.SZ,铭科精技,25.33,9.99,3315697.0,130121,144739,3,U,,1,23.25,25.33,23.0,25.33,23.03,9.987,262048.8,645230.779,42.9821,46.7576,3.2,6096.7,5604.41,358166.2,154429.411,False,sz_main,0.1,midday,multi_open,False,10cm,0.0021470631653189,False,5350,4496,772,82,153,13,88,65,1726720244.75,17448380894.0,very_strong,1685,61,0.0362017804154302,very_strong,1477,68,0.0460392687880839,very_strong,1358,11,0.008100147275405,weak,573,3,0.0052356020942408,weak,256,10,0.0390625,very_strong,1,0,0.0,weak,129,14,0,129,14,10,68,1477,0.0460392687880839,very_strong,1,1,multi_open,midday,very_strong,sz_main,very_strong,exact,1336,True,4.755575,154429.411,3315697.0,100000.0,73440064.62163252,70124367.62163252,1.0,1.0,True,0.6,,True,True,20241105,24.95,20241107,27.3,0.094188376753507,0.00362,0.06638213814241874,True,T+1_open_buy_T+2_close_sell,3.6454,0.6797,4.3251,272358.423,20.0772,2.3690502092531207,2.1408413523798138,94,42,6.0,5.0,,,neutral,neutral,main_rise,18.02803738317757,46,0.0085981308411214,29,13,ice_point,15.810291130670276,27,0.0182802979011509,14,8,0.3529411764705882,781,unknown,unknown,unknown,unknown,unknown,unknown,unknown,unknown,main_rise,ice_point,15_30,gte_10,30_60,gte_15,gte_1_5pct,gte_6,rank_gt_30,rank_gt_30,rank_4_10,rank_4_10,1100_1330,1,2_3,3e8_8e8,gte_25,2_4,0_1pct_0_3pct,9_5_10_5,3_7,2_3,120_180,40_80,3pct_5pct,unknown,unknown,unknown,unknown,neutral,neutral,2.8,20241105,24.95,27.86,24.35,27.86,25.33,9.9882,20241106,30.0,30.65,26.75,27.3,27.86,-2.0101,20241107,28.05,29.2,25.66,26.7,27.3,-2.1978,20241108,26.0,27.44,25.66,26.0,26.7,-2.6217,20241111,25.6,26.36,25.25,26.18,26.0,0.6923,fixed_hold3_close,0.8,True,,20241105,24.95,24.974949999999996,daily_open_plus_slippage_no_l2,True,,26.7,26.673299999999998,fixed_close,daily_price_minus_slippage_no_l2,False,0,0.05310571051393499,0.05310571051393499,c_conservative_daily_replay_fixed_hold3_close
20241127,002542.SZ,中化岩土,4.61,10.02,49159624.0,112745,133230,1,U,,1,4.14,4.61,4.02,4.61,4.19,10.0239,3000893.96,1339369.866,18.7409,28.3749,1.19,160124.9649,105758.5839,832619.8162,738176.0882,False,sz_main,0.1,midday,t_board,False,10cm,0.0066596066691719,False,5360,4330,915,115,103,8,52,51,1489142212.378,9499982998.0,strong,1688,34,0.0201421800947867,strong,1477,49,0.0331753554502369,very_strong,1360,13,0.0095588235294117,weak,577,2,0.0034662045060658,weak,257,5,0.0194552529182879,neutral,1,0,0.0,weak,83,15,0,83,15,5,49,1477,0.0331753554502369,very_strong,1,1,t_board,midday,strong,sz_main,very_strong,exact,464,True,4.29765,738176.0882,49159624.0,100000.0,317242246.545273,268082622.545273,1.0,1.0,True,0.6,,True,True,20241128,4.69,20241202,4.56,-0.0277185501066099,0.00362,0.03468484653938826,True,T+1_open_buy_T+2_close_sell,-7.3009,-5.2411,-12.542000000000002,624104.257,8.8727,2.1460675055129452,2.11219809077282,64,31,5.0,3.0,,,neutral,neutral,main_rise,12.006716417910448,23,0.0042910447761194,21,8,climax,12.280094786729858,14,0.0094786729857819,9,7,0.4897959183673469,687,unknown,unknown,unknown,unknown,unknown,unknown,unknown,unknown,main_rise,climax,15_30,5_10,15_30,8_15,0_8pct_1_5pct,gte_6,rank_gt_30,rank_gt_30,rank_4_10,rank_2_3,1100_1330,1,1,8e8_15e8,15_25,1_2,0_5pct_1pct,9_5_10_5,lt_neg3,2_3,80_120,40_80,3pct_5pct,unknown,unknown,unknown,unknown,neutral,neutral,2.8,20241128,4.69,4.89,4.6,4.62,4.61,0.2169,20241129,4.56,4.76,4.36,4.56,4.62,-1.2987,20241202,4.62,4.94,4.62,4.87,4.56,6.7982,20241203,4.91,5.36,4.79,5.36,4.87,10.0616,20241204,5.64,5.9,5.01,5.29,5.36,-1.306,fixed_hold3_close,0.8,True,,20241128,4.69,4.69469,daily_open_plus_slippage_no_l2,True,,4.87,4.86513,fixed_close,daily_price_minus_slippage_no_l2,False,0,0.02774787723151061,0.02774787723151061,c_conservative_daily_replay_fixed_hold3_close
20241216,002173.SZ,创新医疗,10.09,10.03,47497948.0,130236,142639,2,U,,1,9.2,10.09,9.15,10.09,9.17,10.0327,918233.06,907831.961,22.0896,30.7314,1.95,41568.6468,29879.2924,445255.9112,419427.6462,False,sz_main,0.1,midday,multi_open,False,10cm,0.0113244676239942,False,5370,1768,3479,123,101,7,59,42,1717601894.596,9853465596.0,strong,1688,47,0.0278436018957345,strong,1478,46,0.0311231393775372,very_strong,1363,8,0.0058694057226705,weak,580,0,0.0,weak,260,0,0.0,weak,1,0,0.0,weak,93,8,1,92,8,0,46,1478,0.0311231393775372,very_strong,1,1,multi_open,midday,strong,sz_main,very_strong,exact,1336,True,4.755575,419427.6462,47497948.0,100000.0,199461962.8577565,151964014.8577565,1.0,1.0,True,0.6,,True,True,20241217,10.08,20241219,11.28,0.119047619047619,0.00362,0.08746948194662503,True,T+1_open_buy_T+2_close_sell,-2.963,-1.2539,-4.2169,246630.513,6.3985,3.6809393531934953,3.452309134953505,62,27,3.0,3.0,,,neutral,retreat_2day,main_rise,12.077467411545625,27,0.0050279329608938,26,7,retreat,10.894451962110962,15,0.010148849797023,10,5,0.3695652173913043,782,unknown,unknown,unknown,unknown,unknown,unknown,unknown,unknown,main_rise,retreat,15_30,5_10,15_30,8_15,0_8pct_1_5pct,4_5,rank_gt_30,rank_11_30,rank_2_3,rank_2_3,1100_1330,1,2_3,8e8_15e8,15_25,1_2,1pct_2pct,9_5_10_5,neg3_0,3_5,80_120,40_80,3pct_5pct,unknown,unknown,unknown,unknown,neutral,retreat_2day,2.8,20241217,10.08,10.95,9.5,10.25,10.09,1.5857,20241218,10.15,11.28,10.02,11.28,10.25,10.0488,20241219,12.41,12.41,10.76,11.0,11.28,-2.4823,20241220,11.0,11.83,10.61,11.02,11.0,0.1818,20241223,10.38,10.49,9.92,9.92,11.02,-9.9819,fixed_hold3_close,0.8,True,,20241217,10.08,10.090079999999999,daily_open_plus_slippage_no_l2,True,,11.0,10.989,fixed_close,daily_price_minus_slippage_no_l2,False,0,0.06997558555730003,0.06997558555730003,c_conservative_daily_replay_fixed_hold3_close
20241220,002009.SZ,天奇股份,15.64,9.99,84129421.0,110809,110809,0,U,,1,14.19,15.64,14.15,15.64,14.22,9.9859,524520.43,794540.435,13.0958,17.9682,1.34,40052.4507,29191.6471,629092.7357,626420.3289,False,sz_main,0.1,midday,one_word,False,10cm,0.0134301869078438,False,5373,3556,1664,153,84,8,51,33,1534628173.093,7802902378.0,neutral,1686,35,0.0207591933570581,strong,1479,41,0.0277214334009465,strong,1365,4,0.0029304029304029,weak,581,3,0.0051635111876075,weak,261,1,0.003831417624521,weak,1,0,0.0,weak,76,7,0,76,7,1,41,1479,0.0277214334009465,strong,1,1,one_word,midday,neutral,sz_main,strong,exact,2987,True,4.0277,626420.3289,84129421.0,100000.0,252303315.871053,168173894.871053,1.0,1.0,True,0.6,,True,True,20241223,15.36,20241225,15.7,0.0221354166666667,0.00362,-0.027658414710289448,False,T+1_open_buy_T+2_close_sell,-1.387,-1.0295,-2.4165,329350.39,5.7532,2.4124472267969685,2.276263644580408,53,26,3.0,2.0,,,neutral,neutral,main_rise,10.806030150753768,16,0.0029778522240833,16,8,main_rise,13.023056118999325,8,0.0054090601757944,9,8,0.4634146341463415,668,unknown,unknown,unknown,unknown,unknown,unknown,unknown,unknown,main_rise,main_rise,15_30,5_10,15_30,3_8,0_3pct_0_8pct,gte_6,rank_gt_30,rank_11_30,rank_2_3,rank_2_3,1100_1330,1,0,3e8_8e8,10_15,1_2,1pct_2pct,9_5_10_5,neg3_0,2_3,80_120,40_80,2pct_3pct,unknown,unknown,unknown,unknown,neutral,neutral,2.8,20241223,15.36,15.54,14.53,14.72,15.64,-5.8824,20241224,15.0,16.19,15.0,15.7,14.72,6.6576,20241225,15.52,15.66,14.86,14.99,15.7,-4.5223,20241226,14.81,16.49,14.81,16.49,14.99,10.0067,20241227,16.21,16.39,15.75,15.85,16.49,-3.8811,fixed_hold3_close,0.8,True,,20241223,15.36,15.375359999999997,daily_open_plus_slippage_no_l2,True,,14.99,14.975010000000001,fixed_close,daily_price_minus_slippage_no_l2,False,0,-0.02212673176823156,-0.02212673176823156,c_conservative_daily_replay_fixed_hold3_close
20241226,600006.SH,东风股份,7.83,9.97,52164243.0,130853,134947,1,U,,1,7.1,7.83,7.09,7.83,7.12,9.9719,1141417.82,871703.825,5.7071,14.3061,2.3,200000.0,79785.462,1566000.0,1566000.0,False,sh_main,0.1,midday,t_board,False,10cm,0.00333105,False,5372,3649,1521,202,99,6,66,33,1287682770.673,8859171597.0,neutral,1687,49,0.0290456431535269,strong,1477,37,0.0250507786052809,strong,1365,11,0.008058608058608,weak,580,1,0.0017241379310344,weak,262,1,0.0038167938931297,weak,1,0,0.0,weak,86,12,3,83,12,1,49,1687,0.0290456431535269,strong,1,1,t_board,midday,neutral,sh_main,strong,exact,587,True,3.6648,1566000.0,52164243.0,100000.0,573907680.0,521743437.0,1.0,1.0,True,0.6,,True,True,20241227,7.8,20241231,7.79,-0.0012820512820512,0.00362,-0.05863606086221444,False,T+1_open_buy_T+2_close_sell,-2.332,0.5517,-1.7803,255303.399,1.7889,3.4143839385389456,3.190284532394209,58,24,4.0,3.0,,,neutral,neutral,main_rise,9.641846612062547,9,0.0016753536857781,16,6,main_rise,8.806639004149378,7,0.0041493775933609,8,3,0.4693877551020408,788,unknown,unknown,unknown,unknown,unknown,unknown,unknown,unknown,main_rise,main_rise,15_30,5_10,5_15,3_8,0_3pct_0_8pct,3,rank_gt_30,rank_11_30,rank_4_10,rank_2_3,1100_1330,1,1,8e8_15e8,3_6,2_4,0_3pct_0_5pct,9_5_10_5,neg3_0,3_5,80_120,40_80,2pct_3pct,unknown,unknown,unknown,unknown,neutral,neutral,4.3,20241227,7.8,7.89,7.67,7.73,7.83,-1.2771,20241230,7.66,7.88,7.53,7.79,7.73,0.7762,20241231,7.78,7.81,7.33,7.37,7.79,-5.3915,20250102,7.36,7.86,7.29,7.44,7.37,0.9498,20250103,7.36,7.47,6.85,6.9,7.44,-7.2581,fixed_hold3_close,0.8,True,,20241227,7.8,7.8077999999999985,daily_open_plus_slippage_no_l2,True,,7.37,7.36263,fixed_close,daily_price_minus_slippage_no_l2,False,0,-0.046908848689771555,-0.046908848689771555,c_conservative_daily_replay_fixed_hold3_close
20250212,601116.SH,三江购物,11.69,9.97,71168813.0,130131,130131,0,U,,1,10.7,11.69,10.7,11.69,10.63,9.9718,223917.56,250071.184,4.0885,12.716,2.16,54767.84,17609.1858,640236.0496,640236.0496,False,sh_main,0.1,midday,one_word,False,10cm,0.0111160271347519,False,5386,3561,1568,257,83,10,48,35,1712502990.395,12479592169.0,neutral,1689,43,0.0254588513913558,strong,1482,26,0.0175438596491228,neutral,1367,7,0.0051207022677395,weak,583,5,0.0085763293310463,weak,264,2,0.0075757575757575,weak,1,0,0.0,weak,69,12,0,69,12,2,43,1689,0.0254588513913558,strong,1,1,one_word,midday,neutral,sh_main,strong,exact,2114,True,2.7704500000000003,640236.0496,71168813.0,100000.0,177374196.36143205,106205383.36143205,1.0,1.0,True,0.6,,True,True,20250213,12.0,20250217,14.15,0.1791666666666667,0.00362,0.23922915084915103,True,T+1_open_buy_T+2_close_sell,2.8046,3.4,6.2046,178271.663,3.1028,1.4027534146018485,1.3176808044347041,47,22,6.0,3.0,,,neutral,neutral,main_rise,12.941032305978464,0,0.0,17,10,main_rise,14.045885139135583,0,0.0,7,10,0.4186046511627907,781,unknown,unknown,unknown,unknown,unknown,unknown,unknown,unknown,main_rise,main_rise,15_30,5_10,lt_5,lt_1,lt_0_1pct,gte_6,rank_gt_30,rank_11_30,rank_4_10,rank_2_3,1100_1330,1,0,1e8_3e8,3_6,2_4,1pct_2pct,9_5_10_5,0_3,1_2_2,80_120,40_80,2pct_3pct,unknown,unknown,unknown,unknown,neutral,neutral,2.8,20250213,12.0,12.86,11.42,12.86,11.69,10.0086,20250214,12.8,14.15,12.34,14.15,12.86,10.0311,20250217,14.49,15.57,14.15,14.92,14.15,5.4417,20250218,13.43,13.43,13.43,13.43,14.92,-9.9866,20250219,12.09,12.6,12.09,12.41,13.43,-7.5949,fixed_hold3_close,0.8,True,,20250213,12.0,12.011999999999999,daily_open_plus_slippage_no_l2,True,,14.92,14.90508,fixed_close,daily_price_minus_slippage_no_l2,False,0,0.19138332067932085,0.19138332067932085,c_conservative_daily_replay_fixed_hold3_close
20250221,603341.SH,龙旗科技,54.01,10.0,35131128.0,132716,132716,0,U,,1,49.1,54.01,48.49,54.01,49.1,10.0,104826.51,548869.94,21.8389,21.8389,2.42,4800.0,4800.0,2511986.4341,259248.0,False,sh_main,0.1,midday,one_word,False,10cm,0.0135511664506572,False,5389,2872,2352,165,112,8,58,54,2231055062.032,12591932461.0,strong,1688,41,0.0242890995260663,strong,1483,46,0.031018206338503,very_strong,1368,17,0.0124269005847953,neutral,585,6,0.0102564102564102,neutral,264,2,0.0075757575757575,weak,1,0,0.0,weak,87,23,0,87,23,2,41,1688,0.0242890995260663,strong,1,1,one_word,midday,strong,sh_main,strong,exact,2114,True,2.7704500000000003,259248.0,35131128.0,100000.0,71823362.16000001,36692234.16000001,1.0,1.0,True,0.6,,True,True,20250224,53.88,20250226,53.24,-0.0118782479584261,0.00362,-0.03195770238669997,False,T+1_open_buy_T+2_close_sell,2.935,3.0238,5.9588,422137.277,17.7524,1.3002167065193817,1.2301942272594126,88,36,4.0,4.0,,,neutral,neutral,main_rise,12.07830766375951,0,0.0,18,8,main_rise,10.828909952606637,0,0.0,4,8,0.5365853658536586,807,unknown,unknown,unknown,unknown,unknown,unknown,unknown,unknown,main_rise,main_rise,15_30,3_5,lt_5,lt_1,lt_0_1pct,gte_6,rank_gt_30,rank_gt_30,rank_4_10,rank_4_10,1100_1330,1,0,3e8_8e8,15_25,2_4,1pct_2pct,9_5_10_5,0_3,1_2_2,80_120,40_80,2pct_3pct,unknown,unknown,unknown,unknown,neutral,neutral,2.8,20250224,53.88,55.55,51.68,54.58,54.01,1.0554,20250225,52.85,55.0,51.99,53.24,54.58,-2.4551,20250226,53.24,53.49,51.68,52.35,53.24,-1.6717,20250227,52.31,54.88,50.76,52.93,52.35,1.1079,20250228,52.01,52.6,48.27,48.38,52.93,-8.5963,fixed_hold3_close,0.8,True,,20250224,53.88,53.933879999999995,daily_open_plus_slippage_no_l2,True,,52.35,52.297650000000004,fixed_close,daily_price_minus_slippage_no_l2,False,0,-0.025566161909359977,-0.025566161909359977,c_conservative_daily_replay_fixed_hold3_close
20250410,002187.SZ,广百股份,7.73,9.96,19083051.0,131403,144112,3,U,,1,7.02,7.73,6.96,7.73,7.03,9.9573,955910.42,713720.888,18.4856,35.8436,2.58,51711.0966,26668.9466,544222.0944,399726.7767,False,sz_main,0.1,midday,multi_open,False,10cm,0.0047740236862645,False,5395,4950,386,59,154,6,103,51,1659048985.089,8247973365.0,very_strong,1691,64,0.0378474275576581,very_strong,1483,69,0.0465273095077545,very_strong,1370,14,0.0102189781021897,neutral,585,2,0.0034188034188034,weak,265,5,0.0188679245283018,neutral,1,0,0.0,weak,133,16,0,133,16,5,69,1483,0.0465273095077545,very_strong,1,1,multi_open,midday,very_strong,sz_main,very_strong,exact,1336,True,4.755575,399726.7767,19083051.0,100000.0,190093066.61051023,171010015.61051026,1.0,1.0,True,0.6,,True,True,20250411,7.88,20250415,8.27,0.0494923857868019,0.00362,-0.0010850020030728665,False,T+1_open_buy_T+2_close_sell,4.3027,9.9511,14.2538,476735.065,13.5841,1.4971017246235077,1.3608262601129264,100,45,5.0,4.0,,,neutral,neutral,main_rise,12.854494902687676,0,0.0,26,6,climax,13.952730950775456,0,0.0,9,6,0.3188405797101449,794,unknown,unknown,unknown,unknown,unknown,unknown,unknown,unknown,main_rise,climax,15_30,5_10,lt_5,lt_1,lt_0_1pct,gte_6,rank_gt_30,rank_gt_30,rank_4_10,rank_4_10,1100_1330,1,2_3,3e8_8e8,15_25,2_4,0_3pct_0_5pct,9_5_10_5,3_7,1_2_2,120_180,40_80,3pct_5pct,unknown,unknown,unknown,unknown,neutral,neutral,2.8,20250411,7.88,8.39,7.57,7.88,7.73,1.9405,20250414,7.95,8.67,7.95,8.27,7.88,4.9492,20250415,8.4,8.6,7.8,7.9,8.27,-4.474,20250416,7.96,8.05,7.46,7.76,7.9,-1.7722,20250417,7.87,7.93,7.65,7.69,7.76,-0.9021,fixed_hold3_close,0.8,True,,20250411,7.88,7.887879999999999,daily_open_plus_slippage_no_l2,True,,7.9,7.8921,fixed_close,daily_price_minus_slippage_no_l2,False,0,-0.0008680016024582932,-0.0008680016024582932,c_conservative_daily_replay_fixed_hold3_close
20250417,002427.SZ,尤夫股份,5.97,9.94,48456770.0,110139,110139,0,U,,1,5.3,5.97,5.18,5.97,5.43,9.9448,1111370.14,635114.816,11.2781,25.1458,0.88,98542.6686,44197.1062,588303.3679,588299.7315,False,sz_main,0.1,midday,one_word,False,10cm,0.008236748617316,False,5395,3127,2039,229,86,6,59,27,1030415699.576,5410630625.0,neutral,1690,39,0.023076923076923,strong,1484,41,0.0276280323450134,strong,1369,5,0.0036523009495982,weak,586,1,0.0017064846416382,weak,265,0,0.0,weak,1,0,0.0,weak,80,6,0,80,6,0,41,1484,0.0276280323450134,strong,1,1,one_word,midday,neutral,sz_main,strong,exact,2987,True,4.0277,588299.7315,48456770.0,100000.0,236949482.85625505,188492712.85625505,1.0,1.0,True,0.6,,True,True,20250418,6.07,20250422,7.23,0.1911037891268534,0.00362,0.17066241280959565,True,T+1_open_buy_T+2_close_sell,4.8263,-8.3186,-3.4923,519158.133,10.0094,1.2233552276835853,1.1267508541970548,54,26,5.0,5.0,,,neutral,neutral,main_rise,10.32734012974977,3,0.0005560704355885,20,6,main_rise,13.562803234501349,0,0.0,12,6,0.3414634146341463,661,unknown,unknown,unknown,unknown,unknown,unknown,unknown,unknown,main_rise,main_rise,15_30,gte_10,lt_5,lt_1,lt_0_1pct,gte_6,rank_gt_30,rank_11_30,rank_4_10,rank_4_10,1100_1330,1,0,3e8_8e8,10_15,lt_1,0_5pct_1pct,9_5_10_5,3_7,1_2_2,80_120,40_80,2pct_3pct,unknown,unknown,unknown,unknown,neutral,neutral,2.8,20250418,6.07,6.57,6.0,6.57,5.97,10.0503,20250421,6.69,7.23,6.69,7.23,6.57,10.0457,20250422,7.48,7.95,7.01,7.13,7.23,-1.3831,20250423,6.75,7.84,6.53,7.84,7.13,9.9579,20250424,7.95,8.62,7.62,8.62,7.84,9.949,fixed_hold3_close,0.8,True,,20250418,6.07,6.07607,daily_open_plus_slippage_no_l2,True,,7.13,7.12287,fixed_close,daily_price_minus_slippage_no_l2,False,0,0.13652993024767654,0.13652993024767654,c_conservative_daily_replay_fixed_hold3_close
20250421,002582.SZ,好想你,11.59,9.96,60539206.0,130006,130006,0,U,,1,10.52,11.59,10.4,11.59,10.54,9.962,633941.98,708898.029,18.4248,20.7238,0.95,34406.9017,30590.0496,523815.1137,398775.9907,False,sz_main,0.1,midday,one_word,False,10cm,0.0151812564978476,False,5394,4363,875,156,100,6,63,37,1073580343.55,6041516232.0,strong,1690,42,0.0248520710059171,strong,1483,46,0.031018206338503,very_strong,1369,10,0.0073046018991964,weak,586,2,0.0034129692832764,weak,265,0,0.0,weak,1,0,0.0,weak,88,12,0,88,12,0,46,1483,0.031018206338503,very_strong,1,1,one_word,midday,strong,sz_main,very_strong,exact,1877,True,3.4765,398775.9907,60539206.0,100000.0,138634473.16685504,78095267.16685504,1.0,1.0,True,0.6,,True,True,20250422,11.4,20250424,10.91,-0.0429824561403509,0.00362,0.04890841894947169,True,T+1_open_buy_T+2_close_sell,-4.1818,-0.722,-4.9038,463784.571,12.6365,1.5285071417349931,1.4580619633601077,60,26,6.0,4.0,,,neutral,neutral,main_rise,9.809195402298853,11,0.0020393029291805,17,6,climax,11.116318273769387,6,0.0040458530006743,9,5,0.3043478260869565,780,unknown,unknown,unknown,unknown,unknown,unknown,unknown,unknown,main_rise,climax,15_30,5_10,5_15,3_8,0_3pct_0_8pct,4_5,rank_gt_30,rank_11_30,rank_4_10,rank_4_10,1100_1330,1,0,3e8_8e8,15_25,lt_1,1pct_2pct,9_5_10_5,lt_neg3,1_2_2,80_120,40_80,3pct_5pct,unknown,unknown,unknown,unknown,neutral,neutral,4.3,20250422,11.4,11.58,11.12,11.28,11.59,-2.6747,20250423,11.27,11.27,10.81,10.91,11.28,-3.2801,20250424,11.8,12.0,11.52,12.0,10.91,9.9908,20250425,11.47,12.6,11.4,12.01,12.0,0.0833,20250428,12.39,12.45,11.84,11.98,12.01,-0.2498,fixed_hold3_close,0.8,True,,20250422,11.4,11.411399999999999,daily_open_plus_slippage_no_l2,True,,12.0,11.988,fixed_close,daily_price_minus_slippage_no_l2,False,0,0.039126735159577354,0.039126735159577354,c_conservative_daily_replay_fixed_hold3_close
20250813,601609.SH,金田股份,9.41,10.06,61167804.0,132559,143329,2,U,,1,8.52,9.41,8.51,9.41,8.55,10.0585,1569529.89,1416902.478,10.5657,26.6056,1.7,148550.035,58992.5457,1397855.8294,1397855.8294,False,sh_main,0.1,midday,multi_open,False,10cm,0.0043758306624693,False,5412,2733,2458,221,92,5,47,45,2175210716.098,10030171094.0,neutral,1687,46,0.0272673384706579,strong,1485,36,0.0242424242424242,strong,1381,6,0.004344677769732,weak,588,4,0.0068027210884353,weak,270,0,0.0,weak,1,0,0.0,weak,82,10,0,82,10,0,46,1687,0.0272673384706579,strong,1,1,multi_open,midday,neutral,sh_main,strong,exact,1591,True,4.1228,1397855.8294,61167804.0,100000.0,576308001.345032,515140197.345032,1.0,1.0,True,0.6,,True,True,20250814,10.35,,11.39,0.1004830917874397,0.00362,0.0,False,T+1_open_buy_T+2_close_sell,-0.927,1.7689,0.8418999999999999,530401.287,4.1767,2.671378280422611,2.5296765388943423,62,30,5.0,5.0,,,neutral,neutral,main_rise,10.499926090169993,0,0.0,24,5,main_rise,12.726733847065798,0,0.0,12,5,0.5652173913043478,805,unknown,unknown,unknown,unknown,unknown,unknown,unknown,unknown,main_rise,main_rise,15_30,gte_10,lt_5,lt_1,lt_0_1pct,4_5,rank_gt_30,rank_11_30,rank_4_10,rank_4_10,1100_1330,1,2_3,8e8_15e8,10_15,1_2,0_3pct_0_5pct,9_5_10_5,neg3_0,2_3,80_120,40_80,2pct_3pct,unknown,unknown,unknown,unknown,neutral,neutral,2.8,20250814,10.35,10.35,10.17,10.35,9.41,9.9894,20250815,10.95,11.39,10.48,11.39,10.35,10.0483,20250818,12.53,12.53,12.53,12.53,11.39,10.0088,20250819,13.78,13.78,12.8,13.41,12.53,7.0231,20250820,12.8,14.75,12.8,14.75,13.41,9.9925,fixed_hold3_close,0.8,False,open_limit_up_unbuyable,20250814,10.35,,daily_open_limit_up_queue_rejected,False,,,,no_buy,,False,0,0.0,0.0,c_conservative_daily_replay_fixed_hold3_close
20250819,605376.SH,博迁新材,46.24,9.99,76038396.0,130124,130124,0,U,,1,42.32,46.24,42.1,46.24,42.04,9.9905,112621.91,502129.744,4.3051,7.4237,1.77,26160.0,15170.52,1209638.4,1209638.4,False,sh_main,0.1,midday,one_word,False,10cm,0.006286043498619,False,5413,2984,2255,174,85,4,42,43,2640679593.8599997,7173691325.0,neutral,1689,43,0.0254588513913558,strong,1484,31,0.0208894878706199,strong,1381,9,0.0065170166545981,weak,587,2,0.0034071550255536,weak,271,0,0.0,weak,1,0,0.0,weak,74,11,0,74,11,0,43,1689,0.0254588513913558,strong,1,1,one_word,midday,neutral,sh_main,strong,exact,2114,True,2.7704500000000003,1209638.4,76038396.0,100000.0,335124270.52800006,259085874.5280001,1.0,1.0,True,0.6,,True,True,20250820,48.56,20250822,48.05,-0.010502471169687,0.00362,0.03728035006179971,True,T+1_open_buy_T+2_close_sell,0.1668,4.533,4.699800000000001,326035.679,2.9946,1.540106731693006,1.4376210512255394,69,37,4.0,4.0,,,neutral,neutral,main_rise,9.815111767966007,7,0.0012931830777757,26,4,main_rise,10.81959739490823,6,0.0035523978685612,11,4,0.3953488372093023,781,unknown,unknown,unknown,unknown,unknown,unknown,unknown,unknown,main_rise,main_rise,15_30,gte_10,5_15,3_8,0_3pct_0_8pct,4_5,rank_gt_30,rank_gt_30,rank_4_10,rank_4_10,1100_1330,1,0,3e8_8e8,3_6,1_2,0_5pct_1pct,9_5_10_5,0_3,1_2_2,80_120,40_80,2pct_3pct,unknown,unknown,unknown,unknown,neutral,neutral,4.3,20250820,48.56,48.56,44.51,46.52,46.24,0.6055,20250821,46.01,50.7,45.51,48.05,46.52,3.2889,20250822,49.5,52.76,49.5,50.55,48.05,5.2029,20250825,50.0,52.1,48.89,49.69,50.55,-1.7013,20250826,49.75,50.9,48.16,48.21,49.69,-2.9785,fixed_hold3_close,0.8,True,,20250820,48.56,48.60856,daily_open_plus_slippage_no_l2,True,,50.55,50.499449999999996,fixed_close,daily_price_minus_slippage_no_l2,False,0,0.029824280049439766,0.029824280049439766,c_conservative_daily_replay_fixed_hold3_close
20251113,002780.SZ,三夫户外,17.45,10.03,28258530.0,131757,131836,1,U,,1,15.87,17.45,15.65,17.45,15.86,10.0252,287426.15,477632.992,21.9992,23.4665,2.83,13065.2734,12248.3672,274990.1631,227989.0208,False,sz_main,0.1,midday,t_board,False,10cm,0.0123946889638994,False,5440,3953,1338,149,85,8,41,44,2065680879.651,9703198514.0,neutral,1697,28,0.0164997053624042,neutral,1483,48,0.0323668240053944,very_strong,1386,6,0.0043290043290043,weak,592,3,0.0050675675675675,weak,281,0,0.0,weak,1,0,0.0,weak,76,9,0,76,9,0,48,1483,0.0323668240053944,very_strong,1,1,t_board,midday,neutral,sz_main,very_strong,exact,464,True,4.29765,227989.0208,28258530.0,100000.0,97981701.524112,69723171.524112,1.0,1.0,True,0.6,,True,True,20251114,18.29,20251118,17.28,-0.0552214324767631,0.00362,-0.15039905036461604,False,T+1_open_buy_T+2_close_sell,-1.1838,6.4324,5.248600000000001,246472.879,11.8824,1.9378724098889601,1.8514104894634078,58,31,5.0,4.0,,,neutral,warming_2day,main_rise,11.5625,0,0.0,18,8,warming,14.636682400539447,0,0.0,10,8,0.4166666666666667,797,unknown,unknown,unknown,unknown,unknown,unknown,unknown,unknown,main_rise,warming,15_30,5_10,lt_5,lt_1,lt_0_1pct,gte_6,rank_gt_30,rank_gt_30,rank_4_10,rank_4_10,1100_1330,1,1,3e8_8e8,15_25,2_4,1pct_2pct,9_5_10_5,neg3_0,1_2_2,80_120,40_80,3pct_5pct,unknown,unknown,unknown,unknown,neutral,warming_2day,2.8,20251114,18.29,19.2,17.64,19.2,17.45,10.0287,20251117,17.88,18.18,17.28,17.28,19.2,-10.0,20251118,16.58,16.74,15.56,15.6,17.28,-9.7222,20251119,15.58,16.19,15.35,15.74,15.6,0.8974,20251120,15.45,15.64,15.0,15.02,15.74,-4.5743,fixed_hold3_close,0.8,True,,20251114,18.29,18.308289999999996,daily_open_plus_slippage_no_l2,True,,15.6,15.5844,fixed_close,daily_price_minus_slippage_no_l2,False,0,-0.12031924029169283,-0.12031924029169283,c_conservative_daily_replay_fixed_hold3_close
20251222,000407.SZ,胜利股份,5.09,9.94,63080777.0,130315,130315,0,U,,1,4.6,5.09,4.58,5.09,4.63,9.9352,1225942.84,593891.013,13.9983,18.7347,2.57,87578.2212,65436.8679,447963.0899,445773.1459,False,sz_main,0.1,midday,one_word,False,10cm,0.0141508696923952,False,5444,2984,2265,195,80,7,41,39,1882193940.957,10322769095.0,neutral,1695,33,0.0194690265486725,neutral,1483,42,0.0283209710047201,strong,1382,3,0.0021707670043415,weak,597,1,0.0016750418760469,weak,286,1,0.0034965034965034,weak,1,0,0.0,weak,75,4,0,75,4,1,42,1483,0.0283209710047201,strong,1,1,one_word,midday,neutral,sz_main,strong,exact,2987,True,4.0277,445773.1459,63080777.0,100000.0,179544049.97414303,116463272.97414304,1.0,1.0,True,0.6,,True,True,20251223,5.08,20251225,5.07,-0.0019685039370078,0.00362,-0.017369998033462664,False,T+1_open_buy_T+2_close_sell,2.6608,-0.4415,2.2193,232614.818,5.7867,2.553109118783654,2.4190471253045778,57,30,4.0,4.0,,,warming_2day,warming_2day,warming,10.027038941954448,11,0.0020205731080088,16,7,warming,14.608428860418073,4,0.0026972353337828,13,7,0.4761904761904761,783,unknown,unknown,unknown,unknown,unknown,unknown,unknown,unknown,warming,warming,15_30,gte_10,5_15,3_8,0_1pct_0_3pct,gte_6,rank_gt_30,rank_11_30,rank_4_10,rank_4_10,1100_1330,1,0,3e8_8e8,10_15,2_4,1pct_2pct,9_5_10_5,0_3,2_3,50_80,40_80,2pct_3pct,unknown,unknown,unknown,unknown,warming_2day,warming_2day,3.3,20251223,5.08,5.08,4.79,4.83,5.09,-5.1081,20251224,4.82,5.25,4.79,5.07,4.83,4.9689,20251225,5.01,5.22,4.95,5.01,5.07,-1.1834,20251226,5.0,5.5,4.92,5.21,5.01,3.992,20251229,5.21,5.49,5.1,5.34,5.21,2.4952,fixed_hold3_close,0.8,True,,20251223,5.08,5.08508,daily_open_plus_slippage_no_l2,True,,5.01,5.004989999999999,fixed_close,daily_price_minus_slippage_no_l2,False,0,-0.013895998426770133,-0.013895998426770133,c_conservative_daily_replay_fixed_hold3_close
20251225,001400.SZ,江顺科技,74.56,10.0,15702336.0,105251,140915,1,U,,1,67.66,74.56,67.33,74.56,67.78,10.003,48735.46,354352.713,32.4903,32.4903,5.05,1500.0,1500.0,447360.0,111840.0,False,sz_main,0.1,midday,t_board,False,10cm,0.01404,False,5454,3773,1473,208,79,10,43,36,1943917869.214,11868111065.0,neutral,1698,31,0.0182567726737338,neutral,1486,41,0.0275908479138627,strong,1384,6,0.0043352601156069,weak,598,0,0.0,weak,287,1,0.0034843205574912,weak,1,0,0.0,weak,72,6,1,72,6,0,41,1486,0.0275908479138627,strong,1,1,t_board,midday,neutral,sz_main,strong,exact,633,True,4.9885,111840.0,15702336.0,100000.0,55791384.0,40089048.0,1.0,1.0,True,0.6,,True,True,20251226,73.82,20251230,76.32,0.0338661609319967,0.00362,0.006115964929137751,True,T+1_open_buy_T+2_close_sell,2.4641,1.4104,3.8745000000000003,93994.901,9.2648,3.769914210559145,3.5068538986270616,44,17,4.0,3.0,,,warming_2day,warming_2day,warming,13.84847818115145,0,0.0,22,10,warming,15.759084791386272,0,0.0,10,10,0.2926829268292683,652,unknown,unknown,unknown,unknown,unknown,unknown,unknown,unknown,warming,warming,15_30,5_10,lt_5,lt_1,lt_0_1pct,gte_6,rank_gt_30,rank_11_30,rank_4_10,rank_2_3,1000_1100,1,1,3e8_8e8,gte_25,4_8,1pct_2pct,9_5_10_5,0_3,3_5,50_80,40_80,2pct_3pct,unknown,unknown,unknown,unknown,warming_2day,warming_2day,1.0,20251226,73.82,80.0,73.6,76.62,74.56,2.7629,20251229,76.61,77.31,73.69,76.32,76.62,-0.3915,20251230,75.51,76.88,71.06,74.54,76.32,-2.3323,20251231,73.22,78.45,71.52,77.76,74.54,4.3198,20260105,81.76,83.62,76.41,77.58,77.76,-0.2315,fixed_hold3_close,0.8,True,,20251226,73.82,73.89381999999999,daily_open_plus_slippage_no_l2,True,,74.54,74.46546000000001,fixed_close,daily_price_minus_slippage_no_l2,False,0,0.004892771943310201,0.004892771943310201,c_conservative_daily_replay_fixed_hold3_close
20251226,002326.SZ,永太科技,27.06,10.0,22371990.0,110930,145006,2,U,,1,25.03,27.06,25.02,27.06,24.6,10.0,1500896.17,3948585.722,18.5718,23.3319,1.79,80815.9042,64327.9442,2503395.383,2186878.3677,False,sz_main,0.1,midday,multi_open,False,10cm,0.0010230102565571,False,5453,1866,3414,173,82,11,35,47,2181103641.944,11826869138.0,neutral,1698,28,0.0164899882214369,neutral,1485,46,0.0309764309764309,very_strong,1384,6,0.0043352601156069,weak,598,1,0.0016722408026755,weak,287,1,0.0034843205574912,weak,1,0,0.0,weak,74,7,1,74,7,0,46,1485,0.0309764309764309,very_strong,1,1,multi_open,midday,neutral,sz_main,very_strong,exact,1336,True,4.755575,2186878.3677,22371990.0,100000.0,1039986409.3474928,1017614419.3474928,1.0,1.0,True,0.6,,True,True,20251229,26.62,20251231,25.6,-0.0383170548459804,0.00362,-0.06735216415440297,False,T+1_open_buy_T+2_close_sell,-0.6863,0.8961,0.2098,1597395.642,8.0457,2.471889629707654,2.3082888996606883,62,32,6.0,5.0,,,warming_2day,warming_2day,warming,14.681753163396298,1,0.0001833852924995,22,11,warming,17.816835016835018,1,0.0006734006734006,12,11,0.4130434782608695,669,unknown,unknown,unknown,unknown,unknown,unknown,unknown,unknown,warming,warming,15_30,gte_10,lt_5,lt_1,lt_0_1pct,gte_6,rank_gt_30,rank_gt_30,rank_4_10,rank_4_10,1100_1330,1,2_3,gte_15e8,15_25,1_2,0_1pct_0_3pct,9_5_10_5,neg3_0,2_3,80_120,40_80,3pct_5pct,unknown,unknown,unknown,unknown,warming_2day,warming_2day,0.8,20251229,26.62,26.69,24.8,25.16,27.06,-7.0214,20251230,24.81,26.75,24.21,25.6,25.16,1.7488,20251231,25.51,25.78,24.86,24.92,25.6,-2.6563,20260105,25.39,26.16,24.66,26.08,24.92,4.6549,20260106,26.6,26.79,25.8,25.91,26.08,-0.6518,fixed_hold3_close,0.8,True,,20251229,26.62,26.64662,daily_open_plus_slippage_no_l2,True,,24.92,24.89508,fixed_close,daily_price_minus_slippage_no_l2,False,0,-0.05388173132352238,-0.05388173132352238,c_conservative_daily_replay_fixed_hold3_close
20260109,600410.SH,华胜天成,21.22,10.01,254953631.0,111611,140420,1,U,,1,19.03,21.22,18.88,21.22,19.29,10.0052,2924012.09,5946715.7,26.6669,26.6669,1.88,109649.4683,109649.4683,2326761.7173,2326761.7173,False,sh_main,0.1,midday,t_board,False,10cm,0.0109574448085664,False,5459,3920,1349,190,94,10,44,50,3152368298.167,12966094018.0,neutral,1696,42,0.0247641509433962,strong,1485,37,0.0249158249158249,strong,1390,10,0.0071942446043165,weak,600,3,0.005,weak,287,2,0.0069686411149825,weak,1,0,0.0,weak,79,13,0,79,13,2,42,1696,0.0247641509433962,strong,1,1,t_board,midday,neutral,sh_main,strong,exact,587,True,3.6648,2326761.7173,254953631.0,100000.0,852711634.156104,597758003.156104,1.0,1.0,True,0.6,,True,True,20260112,21.85,20260114,20.18,-0.0764302059496567,0.00362,0.01236830002949003,True,T+1_open_buy_T+2_close_sell,2.88,1.626,4.506,3573383.604,17.0054,1.6641694144852859,1.5681430604396247,54,22,5.0,3.0,,,warming_2day,warming_2day,warming,13.477962996885877,2,0.0003663674665689,19,10,warming,10.105660377358491,1,0.0005896226415094,9,4,0.5952380952380952,676,unknown,unknown,unknown,unknown,unknown,unknown,unknown,unknown,warming,warming,15_30,5_10,lt_5,lt_1,lt_0_1pct,4_5,rank_gt_30,rank_11_30,rank_4_10,rank_2_3,1100_1330,1,1,gte_15e8,gte_25,1_2,1pct_2pct,9_5_10_5,0_3,1_2_2,80_120,40_80,2pct_3pct,unknown,unknown,unknown,unknown,warming_2day,warming_2day,0.8,20260112,21.85,23.22,21.29,22.09,21.22,4.0999,20260113,22.11,22.11,19.91,20.18,22.09,-8.6464,20260114,19.85,22.2,19.85,22.2,20.18,10.0099,20260115,24.42,24.42,24.42,24.42,22.2,10.0,20260116,23.94,24.29,21.98,21.99,24.42,-9.9509,fixed_hold3_close,0.8,True,,20260112,21.85,21.87185,daily_open_plus_slippage_no_l2,True,,22.2,22.177799999999998,fixed_close,daily_price_minus_slippage_no_l2,False,0,0.009894640023592026,0.009894640023592026,c_conservative_daily_replay_fixed_hold3_close
20260506,600589.SH,大位科技,11.08,10.03,56369909.0,111406,111406,0,U,,1,10.66,11.08,10.61,11.08,10.07,10.0298,2345167.04,2553596.062,15.8621,18.7843,2.06,147846.989,124846.989,1645014.2381,1638144.6381,False,sh_main,0.1,midday,one_word,False,10cm,0.0034410825325766,False,5490,3889,1482,119,101,4,45,56,3246596327.641,11842496596.0,strong,1693,41,0.0242173656231541,strong,1487,47,0.0316072629455279,very_strong,1392,6,0.0043103448275862,weak,607,6,0.0098846787479406,weak,310,1,0.0032258064516129,weak,1,0,0.0,weak,88,12,0,88,12,1,41,1693,0.0242173656231541,strong,1,1,one_word,midday,strong,sh_main,strong,exact,2114,True,2.7704500000000003,1638144.6381,56369909.0,100000.0,453839781.26241463,397469872.26241463,1.0,1.0,True,0.6,,True,True,20260507,11.08,20260511,12.51,0.1290613718411553,0.00362,0.17112242003483907,True,T+1_open_buy_T+2_close_sell,3.4943,0.6205,4.1148,1608549.3,11.0732,1.5875149502722732,1.4324766101939819,69,28,4.0,3.0,,,neutral,neutral,main_rise,8.199271402550092,11,0.0020036429872495,17,4,main_rise,7.550856467808624,1,0.0005906674542232,4,4,0.5853658536585366,674,unknown,unknown,unknown,unknown,unknown,unknown,unknown,unknown,main_rise,main_rise,15_30,3_5,5_15,lt_1,lt_0_1pct,4_5,rank_gt_30,rank_11_30,rank_4_10,rank_2_3,1100_1330,1,0,gte_15e8,15_25,2_4,0_3pct_0_5pct,9_5_10_5,3_7,1_2_2,80_120,40_80,2pct_3pct,unknown,unknown,unknown,unknown,neutral,neutral,4.3,20260507,11.08,11.4,10.93,11.37,11.08,2.6173,20260508,11.21,12.51,11.12,12.51,11.37,10.0264,20260511,13.09,13.48,12.38,13.02,12.51,4.0767,20260512,12.91,12.99,12.41,12.65,13.02,-2.8418,20260513,12.44,13.79,12.4,13.56,12.65,7.1937,fixed_hold3_close,0.8,True,,20260507,11.08,11.091079999999998,daily_open_plus_slippage_no_l2,True,,13.02,13.00698,fixed_close,daily_price_minus_slippage_no_l2,False,0,0.13689793602787126,0.13689793602787126,c_conservative_daily_replay_fixed_hold3_close
20260513,002654.SZ,万润科技,16.98,9.97,77201268.0,130545,132106,2,U,,1,15.2,16.98,15.08,16.98,15.44,9.9741,1178999.35,1924688.894,13.9487,18.3284,1.92,84524.2544,64326.429,1435323.7197,1435221.8397,False,sz_main,0.1,midday,multi_open,False,10cm,0.0053790477447122,False,5493,3215,2134,144,113,6,68,45,3264212322.031,13867556320.0,strong,1696,50,0.0294811320754717,strong,1487,54,0.0363147276395427,very_strong,1393,3,0.0021536252692031,weak,606,5,0.0082508250825082,weak,310,1,0.0032258064516129,weak,1,0,0.0,weak,104,8,0,104,8,1,54,1487,0.0363147276395427,very_strong,1,1,multi_open,midday,strong,sz_main,very_strong,exact,1336,True,4.755575,1435221.8397,77201268.0,100000.0,682530510.0331327,605329242.0331327,1.0,1.0,True,0.6,,True,True,20260514,17.1,20260518,16.57,-0.0309941520467836,0.00362,0.062331837636048174,True,T+1_open_buy_T+2_close_sell,0.5208,2.6738,3.1946,1400980.492,10.8299,1.3738156276911242,1.2879804984348886,73,39,5.0,3.0,,,neutral,neutral,main_rise,10.147933733843074,5,0.0009102494083378,17,6,main_rise,10.670073974445192,2,0.0013449899125756,8,4,0.4074074074074074,785,unknown,unknown,unknown,unknown,unknown,unknown,unknown,unknown,main_rise,main_rise,15_30,5_10,lt_5,1_3,0_1pct_0_3pct,4_5,rank_gt_30,rank_gt_30,rank_4_10,rank_2_3,1100_1330,1,2_3,gte_15e8,10_15,1_2,0_5pct_1pct,9_5_10_5,0_3,1_2_2,80_120,40_80,3pct_5pct,unknown,unknown,unknown,unknown,neutral,neutral,2.8,20260514,17.1,17.19,16.48,16.56,16.98,-2.4735,20260515,16.72,17.2,16.3,16.57,16.56,0.0604,20260518,16.72,18.23,16.66,18.23,16.57,10.0181,,,,,,,,,,,,,,,fixed_hold3_close,0.8,True,,20260514,17.1,17.1171,daily_open_plus_slippage_no_l2,True,,18.23,18.21177,fixed_close,daily_price_minus_slippage_no_l2,False,0,0.049865470108838544,0.049865470108838544,c_conservative_daily_replay_fixed_hold3_close
