trade_date,raw_count,after_universe_count,after_include_1_segment_limit_up_count_bucket=lt_5,after_include_2_market_chain_count_bucket=8_15,after_include_3_fd_ratio_bucket=0_5pct_1pct,exclude_condition_1_amount_ratio_bucket=0_8_1_2_removed,after_exclude_condition_1_amount_ratio_bucket=0_8_1_2,exclude_condition_2_market_segment=star_removed,after_exclude_condition_2_market_segment=star,exclude_rule_1_exclude_bj_prev_pct_0_3_removed,after_exclude_rule_1_exclude_bj_prev_pct_0_3,final_count,first_zero_stage
20251112,47,47,4,0,0,0,0,0,0,0,0,0,after_include_2_market_chain_count_bucket=8_15
20251113,73,70,0,0,0,0,0,0,0,0,0,0,after_include_1_segment_limit_up_count_bucket=lt_5
20251114,59,58,0,0,0,0,0,0,0,0,0,0,after_include_1_segment_limit_up_count_bucket=lt_5
20251117,68,65,0,0,0,0,0,0,0,0,0,0,after_include_1_segment_limit_up_count_bucket=lt_5
20251118,38,36,4,0,0,0,0,0,0,0,0,0,after_include_2_market_chain_count_bucket=8_15
20251119,43,43,0,0,0,0,0,0,0,0,0,0,after_include_1_segment_limit_up_count_bucket=lt_5
20251120,35,35,3,3,1,0,1,0,1,0,1,1,not_zero
20251121,20,19,1,1,1,0,1,0,1,0,1,1,not_zero
20251124,60,57,3,3,1,1,0,0,0,0,0,0,after_exclude_condition_1_amount_ratio_bucket=0_8_1_2
20251125,71,66,5,5,1,0,1,0,1,0,1,1,not_zero
20251126,61,57,0,0,0,0,0,0,0,0,0,0,after_include_1_segment_limit_up_count_bucket=lt_5
20251127,46,42,0,0,0,0,0,0,0,0,0,0,after_include_1_segment_limit_up_count_bucket=lt_5
20251128,61,59,2,2,0,0,0,0,0,0,0,0,after_include_3_fd_ratio_bucket=0_5pct_1pct
20251201,52,51,1,0,0,0,0,0,0,0,0,0,after_include_2_market_chain_count_bucket=8_15
20251202,39,39,4,4,0,0,0,0,0,0,0,0,after_include_3_fd_ratio_bucket=0_5pct_1pct
20251203,42,42,0,0,0,0,0,0,0,0,0,0,after_include_1_segment_limit_up_count_bucket=lt_5
20251204,28,28,5,5,1,0,1,0,1,0,1,1,not_zero
20251205,65,64,0,0,0,0,0,0,0,0,0,0,after_include_1_segment_limit_up_count_bucket=lt_5
20251208,61,59,5,0,0,0,0,0,0,0,0,0,after_include_2_market_chain_count_bucket=8_15
20251209,44,43,4,0,0,0,0,0,0,0,0,0,after_include_2_market_chain_count_bucket=8_15
20251210,45,43,2,0,0,0,0,0,0,0,0,0,after_include_2_market_chain_count_bucket=8_15
20251211,26,24,4,4,0,0,0,0,0,0,0,0,after_include_3_fd_ratio_bucket=0_5pct_1pct
20251212,68,67,1,1,1,0,1,0,1,0,1,1,not_zero
20251215,51,50,5,5,2,0,2,0,2,0,2,2,not_zero
20251216,31,31,4,4,0,0,0,0,0,0,0,0,after_include_3_fd_ratio_bucket=0_5pct_1pct
20251217,43,42,3,0,0,0,0,0,0,0,0,0,after_include_2_market_chain_count_bucket=8_15
20251218,47,46,5,0,0,0,0,0,0,0,0,0,after_include_2_market_chain_count_bucket=8_15
20251219,60,60,3,3,2,0,2,0,2,0,2,2,not_zero
20251222,69,68,4,0,0,0,0,0,0,0,0,0,after_include_2_market_chain_count_bucket=8_15
20251223,46,45,4,0,0,0,0,0,0,0,0,0,after_include_2_market_chain_count_bucket=8_15
20251224,65,62,5,5,0,0,0,0,0,0,0,0,after_include_3_fd_ratio_bucket=0_5pct_1pct
20251225,66,65,0,0,0,0,0,0,0,0,0,0,after_include_1_segment_limit_up_count_bucket=lt_5
20251226,73,71,0,0,0,0,0,0,0,0,0,0,after_include_1_segment_limit_up_count_bucket=lt_5
20251229,62,59,4,0,0,0,0,0,0,0,0,0,after_include_2_market_chain_count_bucket=8_15
20251230,51,50,4,0,0,0,0,0,0,0,0,0,after_include_2_market_chain_count_bucket=8_15
20251231,49,49,6,6,2,0,2,0,2,0,2,2,not_zero
20260105,94,82,1,1,0,0,0,0,0,0,0,0,after_include_3_fd_ratio_bucket=0_5pct_1pct
20260106,103,99,2,0,0,0,0,0,0,0,0,0,after_include_2_market_chain_count_bucket=8_15
20260107,67,59,0,0,0,0,0,0,0,0,0,0,after_include_1_segment_limit_up_count_bucket=lt_5
20260108,79,76,0,0,0,0,0,0,0,0,0,0,after_include_1_segment_limit_up_count_bucket=lt_5
20260109,82,79,2,0,0,0,0,0,0,0,0,0,after_include_2_market_chain_count_bucket=8_15
20260112,161,144,5,0,0,0,0,0,0,0,0,0,after_include_2_market_chain_count_bucket=8_15
20260113,54,53,1,0,0,0,0,0,0,0,0,0,after_include_2_market_chain_count_bucket=8_15
20260114,88,84,3,0,0,0,0,0,0,0,0,0,after_include_2_market_chain_count_bucket=8_15
20260115,45,45,4,4,1,0,1,0,1,0,1,1,not_zero
20260116,53,50,0,0,0,0,0,0,0,0,0,0,after_include_1_segment_limit_up_count_bucket=lt_5
20260119,83,82,5,5,3,1,2,0,2,0,2,2,not_zero
20260120,45,44,3,3,0,0,0,0,0,0,0,0,after_include_3_fd_ratio_bucket=0_5pct_1pct
20260121,71,70,5,0,0,0,0,0,0,0,0,0,after_include_2_market_chain_count_bucket=8_15
20260122,65,62,1,0,0,0,0,0,0,0,0,0,after_include_2_market_chain_count_bucket=8_15
20260123,97,90,2,2,1,0,1,0,1,0,1,1,not_zero
20260126,60,56,0,0,0,0,0,0,0,0,0,0,after_include_1_segment_limit_up_count_bucket=lt_5
20260127,50,48,4,4,1,1,0,0,0,0,0,0,after_exclude_condition_1_amount_ratio_bucket=0_8_1_2
20260128,75,74,5,5,4,1,3,0,3,0,3,3,not_zero
20260129,76,76,4,0,0,0,0,0,0,0,0,0,after_include_2_market_chain_count_bucket=8_15
20260130,44,42,3,0,0,0,0,0,0,0,0,0,after_include_2_market_chain_count_bucket=8_15
20260202,25,24,2,2,0,0,0,0,0,0,0,0,after_include_3_fd_ratio_bucket=0_5pct_1pct
20260203,60,58,4,4,0,0,0,0,0,0,0,0,after_include_3_fd_ratio_bucket=0_5pct_1pct
20260204,61,59,0,0,0,0,0,0,0,0,0,0,after_include_1_segment_limit_up_count_bucket=lt_5
20260205,34,34,3,3,0,0,0,0,0,0,0,0,after_include_3_fd_ratio_bucket=0_5pct_1pct
20260206,49,49,2,0,0,0,0,0,0,0,0,0,after_include_2_market_chain_count_bucket=8_15
20260209,67,64,0,0,0,0,0,0,0,0,0,0,after_include_1_segment_limit_up_count_bucket=lt_5
20260210,48,48,0,0,0,0,0,0,0,0,0,0,after_include_1_segment_limit_up_count_bucket=lt_5
20260211,41,40,2,2,0,0,0,0,0,0,0,0,after_include_3_fd_ratio_bucket=0_5pct_1pct
20260212,53,51,3,0,0,0,0,0,0,0,0,0,after_include_2_market_chain_count_bucket=8_15
20260213,29,29,3,0,0,0,0,0,0,0,0,0,after_include_2_market_chain_count_bucket=8_15
20260224,85,84,0,0,0,0,0,0,0,0,0,0,after_include_1_segment_limit_up_count_bucket=lt_5
20260225,70,68,0,0,0,0,0,0,0,0,0,0,after_include_1_segment_limit_up_count_bucket=lt_5
20260226,57,54,5,5,3,0,3,0,3,0,3,3,not_zero
20260227,68,65,3,3,1,0,1,0,1,0,1,1,not_zero
20260302,77,76,1,0,0,0,0,0,0,0,0,0,after_include_2_market_chain_count_bucket=8_15
20260303,74,74,0,0,0,0,0,0,0,0,0,0,after_include_1_segment_limit_up_count_bucket=lt_5
20260304,43,41,5,0,0,0,0,0,0,0,0,0,after_include_2_market_chain_count_bucket=8_15
20260305,62,59,1,0,0,0,0,0,0,0,0,0,after_include_2_market_chain_count_bucket=8_15
20260306,66,65,5,0,0,0,0,0,0,0,0,0,after_include_2_market_chain_count_bucket=8_15
20260309,36,33,4,4,1,0,1,0,1,0,1,1,not_zero
20260310,52,49,4,0,0,0,0,0,0,0,0,0,after_include_2_market_chain_count_bucket=8_15
20260311,50,50,3,3,0,0,0,0,0,0,0,0,after_include_3_fd_ratio_bucket=0_5pct_1pct
20260312,49,48,4,0,0,0,0,0,0,0,0,0,after_include_2_market_chain_count_bucket=8_15
20260313,51,51,2,0,0,0,0,0,0,0,0,0,after_include_2_market_chain_count_bucket=8_15
20260316,40,40,3,0,0,0,0,0,0,0,0,0,after_include_2_market_chain_count_bucket=8_15
20260317,37,36,3,3,0,0,0,0,0,0,0,0,after_include_3_fd_ratio_bucket=0_5pct_1pct
20260318,50,49,0,0,0,0,0,0,0,0,0,0,after_include_1_segment_limit_up_count_bucket=lt_5
20260319,24,24,2,0,0,0,0,0,0,0,0,0,after_include_2_market_chain_count_bucket=8_15
20260320,24,24,2,0,0,0,0,0,0,0,0,0,after_include_2_market_chain_count_bucket=8_15
20260323,24,24,2,0,0,0,0,0,0,0,0,0,after_include_2_market_chain_count_bucket=8_15
20260324,77,76,4,0,0,0,0,0,0,0,0,0,after_include_2_market_chain_count_bucket=8_15
20260325,77,77,5,0,0,0,0,0,0,0,0,0,after_include_2_market_chain_count_bucket=8_15
20260326,36,36,0,0,0,0,0,0,0,0,0,0,after_include_1_segment_limit_up_count_bucket=lt_5
20260327,71,70,4,4,1,0,1,0,1,0,1,1,not_zero
20260330,56,54,3,3,0,0,0,0,0,0,0,0,after_include_3_fd_ratio_bucket=0_5pct_1pct
20260331,51,51,0,0,0,0,0,0,0,0,0,0,after_include_1_segment_limit_up_count_bucket=lt_5
20260401,51,50,0,0,0,0,0,0,0,0,0,0,after_include_1_segment_limit_up_count_bucket=lt_5
20260402,27,27,3,0,0,0,0,0,0,0,0,0,after_include_2_market_chain_count_bucket=8_15
20260403,33,29,4,0,0,0,0,0,0,0,0,0,after_include_2_market_chain_count_bucket=8_15
20260407,89,88,0,0,0,0,0,0,0,0,0,0,after_include_1_segment_limit_up_count_bucket=lt_5
20260408,112,108,1,1,0,0,0,0,0,0,0,0,after_include_3_fd_ratio_bucket=0_5pct_1pct
20260409,49,49,2,2,1,0,1,0,1,0,1,1,not_zero
20260410,54,52,1,1,0,0,0,0,0,0,0,0,after_include_3_fd_ratio_bucket=0_5pct_1pct
20260413,54,50,1,0,0,0,0,0,0,0,0,0,after_include_2_market_chain_count_bucket=8_15
20260414,50,49,5,5,2,1,1,0,1,0,1,1,not_zero
20260415,54,52,2,2,1,0,1,0,1,0,1,1,not_zero
20260416,72,70,0,0,0,0,0,0,0,0,0,0,after_include_1_segment_limit_up_count_bucket=lt_5
20260417,68,64,7,7,4,0,4,0,4,0,4,4,not_zero
20260420,66,65,2,2,0,0,0,0,0,0,0,0,after_include_3_fd_ratio_bucket=0_5pct_1pct
20260421,47,44,3,0,0,0,0,0,0,0,0,0,after_include_2_market_chain_count_bucket=8_15
20260422,49,48,3,0,0,0,0,0,0,0,0,0,after_include_2_market_chain_count_bucket=8_15
20260423,44,44,4,4,1,1,0,0,0,0,0,0,after_exclude_condition_1_amount_ratio_bucket=0_8_1_2
20260424,55,53,4,0,0,0,0,0,0,0,0,0,after_include_2_market_chain_count_bucket=8_15
20260427,62,57,3,3,1,1,0,0,0,0,0,0,after_exclude_condition_1_amount_ratio_bucket=0_8_1_2
20260428,56,56,4,4,0,0,0,0,0,0,0,0,after_include_3_fd_ratio_bucket=0_5pct_1pct
20260429,92,92,5,5,0,0,0,0,0,0,0,0,after_include_3_fd_ratio_bucket=0_5pct_1pct
20260430,72,66,4,0,0,0,0,0,0,0,0,0,after_include_2_market_chain_count_bucket=8_15
20260506,92,87,1,0,0,0,0,0,0,0,0,0,after_include_2_market_chain_count_bucket=8_15
20260507,96,94,1,0,0,0,0,0,0,0,0,0,after_include_2_market_chain_count_bucket=8_15
20260508,92,90,6,0,0,0,0,0,0,0,0,0,after_include_2_market_chain_count_bucket=8_15
20260511,88,79,2,0,0,0,0,0,0,0,0,0,after_include_2_market_chain_count_bucket=8_15
20260512,52,52,0,0,0,0,0,0,0,0,0,0,after_include_1_segment_limit_up_count_bucket=lt_5
20260513,100,95,3,0,0,0,0,0,0,0,0,0,after_include_2_market_chain_count_bucket=8_15
20260514,46,43,2,0,0,0,0,0,0,0,0,0,after_include_2_market_chain_count_bucket=8_15
