signal_date,strategy_leg,ts_code,name,event_id,signal_hhmm,status,exit_date,stock_return_before_fees,entry_reference_price,entry_price,exit_reference_price,exit_price,buy_adj_factor,sell_adj_factor,position_scale,account_return,entry_filled,position_opened,outcome_observable,position_open_until,action_date,fill_gate_required,fill_probability_threshold,fill_input_reliable,estimated_turnover_amount,current_queue_amount,fill_probability_method
20231107,D,300951.SZ,博硕科技,1273,943,OK,20231109,0.0201500000000001,66.6,66.6,68.01,67.94199,1.595,1.595,1.0,0.01254902781,True,True,True,20231109.0,20231107,True,0.8,False,,,SIGNAL_TIME_AMOUNT_SPACE_OVER_ACTUAL_ORDER_GROSS
20240208,D,688683.SH,莱尔科技,3916,1000,OK,20240220,0.207125,13.44,13.44,16.24,16.22376,1.022,1.022,1.0,0.135852570975,True,True,True,20240220.0,20240208,True,0.8,False,,,SIGNAL_TIME_AMOUNT_SPACE_OVER_ACTUAL_ORDER_GROSS
20240226,D,688325.SH,赛微微电,5583,953,QUEUE_UNCONFIRMED_NO_DEPTH,20240228,,33.38,33.38,36.37,36.33363,1.0,1.0,1.0,,False,False,False,,20240226,True,0.8,False,,,SIGNAL_TIME_AMOUNT_SPACE_OVER_ACTUAL_ORDER_GROSS
20240312,D,300181.SZ,佐力药业,6284,950,OK,20240314,-0.0557499999999999,13.32,13.32,12.59,12.57741,7.715,7.715,1.0,-0.0375043960499999,True,True,True,20240314.0,20240312,True,0.8,False,,,SIGNAL_TIME_AMOUNT_SPACE_OVER_ACTUAL_ORDER_GROSS
20240314,D,300347.SZ,泰格医药,6374,941,OK,20240318,0.0127634902411022,52.26,52.26,52.98,52.92702,12.616,12.616,1.0,0.0076778801972445,True,True,True,20240318.0,20240314,True,0.8,False,,,SIGNAL_TIME_AMOUNT_SPACE_OVER_ACTUAL_ORDER_GROSS
20240408,D,301488.SZ,豪恩汽电,7062,951,OK,20240410,-0.0443443804034581,62.46,62.46,59.75,59.69025,1.007,1.007,1.0,-0.0299827845605186,True,True,True,20240410.0,20240408,True,0.8,False,,,SIGNAL_TIME_AMOUNT_SPACE_OVER_ACTUAL_ORDER_GROSS
20240411,D,300641.SZ,正丹股份,7175,938,OK,20240415,0.3330167938931299,6.55,6.55,8.74,8.73126,1.792,1.792,1.0,0.2188738531914504,True,True,True,20240415.0,20240411,True,0.8,False,,,SIGNAL_TIME_AMOUNT_SPACE_OVER_ACTUAL_ORDER_GROSS
20240422,D,300200.SZ,高盟新材,7677,957,OK,20240424,-0.0415188811188811,7.15,7.15,6.86,6.853140000000001,4.043,4.043,1.0,-0.0281194655446153,True,True,True,20240424.0,20240422,True,0.8,False,,,SIGNAL_TIME_AMOUNT_SPACE_OVER_ACTUAL_ORDER_GROSS
20240605,D,300656.SZ,民德电子,8830,950,OK,20240607,0.022341121495327,21.4,21.4,21.9,21.8781,2.7043,2.7043,1.0,0.0139939966233644,True,True,True,20240607.0,20240605,True,0.8,False,,,SIGNAL_TIME_AMOUNT_SPACE_OVER_ACTUAL_ORDER_GROSS
20240607,D,300716.SZ,泉为科技,8915,939,QUEUE_UNCONFIRMED_NO_DEPTH,20240612,,6.47,6.47,6.23,6.22377,1.521,1.521,1.0,,False,False,False,,20240607,True,0.8,False,,,SIGNAL_TIME_AMOUNT_SPACE_OVER_ACTUAL_ORDER_GROSS
20241101,D,301392.SZ,汇成真空,19331,959,OK,20241105,0.0483460631082279,67.82,67.82,71.17,71.09883,1.0062,1.0062,1.0,0.0311433558460928,True,True,True,20241105.0,20241101,True,0.8,False,,,SIGNAL_TIME_AMOUNT_SPACE_OVER_ACTUAL_ORDER_GROSS
20241111,D,688116.SH,天奈科技,20303,946,OK,20241113,0.147798284377437,38.47,38.47,44.2,44.1558,1.5037,1.5037,1.0,0.0967286547262802,True,True,True,20241113.0,20241111,True,0.8,False,,,SIGNAL_TIME_AMOUNT_SPACE_OVER_ACTUAL_ORDER_GROSS
20241206,D,301388.SZ,欣灵电气,22235,947,OK,20241210,-0.1048986220472441,30.48,30.48,27.31,27.28269,1.038,1.038,1.0,-0.0699162117478346,True,True,True,20241210.0,20241206,True,0.8,False,,,SIGNAL_TIME_AMOUNT_SPACE_OVER_ACTUAL_ORDER_GROSS
20250217,D,301428.SZ,世纪恒通,24532,941,QUEUE_UNCONFIRMED_NO_DEPTH,20250219,,48.1,48.1,51.22,51.16878,1.0138,1.0138,1.0,,False,False,False,,20250217,True,0.8,False,,,SIGNAL_TIME_AMOUNT_SPACE_OVER_ACTUAL_ORDER_GROSS
20250219,D,688401.SH,路维光电,24667,957,OK,20250221,0.0109073960880197,32.72,32.72,33.11,33.07689,1.4691,1.4691,1.0,0.0064538503241443,True,True,True,20250221.0,20250219,True,0.8,False,,,SIGNAL_TIME_AMOUNT_SPACE_OVER_ACTUAL_ORDER_GROSS
20250624,D,300969.SZ,恒帅股份,28258,947,QUEUE_UNCONFIRMED_NO_DEPTH,20250626,,67.19,67.19,65.9,65.8341,1.431,1.431,1.0,,False,False,False,,20250624,True,0.8,False,,,SIGNAL_TIME_AMOUNT_SPACE_OVER_ACTUAL_ORDER_GROSS
20250625,D,300600.SZ,国瑞科技,28299,954,OK,20250627,0.1488056787932565,11.27,11.27,12.96,12.94704,2.981,2.981,1.0,0.0973929964876664,True,True,True,20250627.0,20250625,True,0.8,False,,,SIGNAL_TIME_AMOUNT_SPACE_OVER_ACTUAL_ORDER_GROSS
20250701,D,301373.SZ,凌玮科技,28539,943,OK,20250703,-0.0490726082004554,35.12,35.12,33.43,33.39657,1.0502,1.0502,1.0,-0.0331008871959566,True,True,True,20250703.0,20250701,True,0.8,False,,,SIGNAL_TIME_AMOUNT_SPACE_OVER_ACTUAL_ORDER_GROSS
20250801,D,300724.SZ,捷佳伟创,29709,947,OK,20250805,0.025261670947273,66.19,66.19,67.93,67.86207,1.0566,1.0566,1.0,0.0159199979359118,True,True,True,20250805.0,20250801,True,0.8,False,,,SIGNAL_TIME_AMOUNT_SPACE_OVER_ACTUAL_ORDER_GROSS
20250813,D,688146.SH,中船特气,30068,941,OK,20250815,-0.0660263040570664,44.86,44.86,41.94,41.89806,1.0179,1.0179,1.0,-0.0442812630155149,True,True,True,20250815.0,20250813,True,0.8,False,,,SIGNAL_TIME_AMOUNT_SPACE_OVER_ACTUAL_ORDER_GROSS
20250818,D,300049.SZ,福瑞股份,30310,944,QUEUE_UNCONFIRMED_NO_DEPTH,20250820,,60.19,60.19,71.3,71.2287,3.637,3.637,1.0,,False,False,False,,20250818,True,0.8,False,,,SIGNAL_TIME_AMOUNT_SPACE_OVER_ACTUAL_ORDER_GROSS
20250922,D,300250.SZ,初灵信息,31943,957,OK,20250924,0.2196827932450935,21.91,21.91,26.75,26.72325,4.204,4.204,1.0,0.1441340011204929,True,True,True,20250924.0,20250922,True,0.8,False,,,SIGNAL_TIME_AMOUNT_SPACE_OVER_ACTUAL_ORDER_GROSS
20260107,D,688759.SH,必贝特,35317,950,OK,20260109,0.1843217391304346,41.4,41.4,49.08,49.030919999999995,1.0,1.0,1.0,0.1208146094243477,True,True,True,20260109.0,20260107,True,0.8,False,,,SIGNAL_TIME_AMOUNT_SPACE_OVER_ACTUAL_ORDER_GROSS
20260113,D,300246.SZ,宝莱特,35909,944,OK,20260115,0.0493697478991597,13.09,13.09,13.75,13.73625,5.9753,5.9753,1.0,0.0318184405462185,True,True,True,20260115.0,20260113,True,0.8,False,,,SIGNAL_TIME_AMOUNT_SPACE_OVER_ACTUAL_ORDER_GROSS
20260123,D,688516.SH,奥特维,36621,955,OK,20260127,0.1098766803688477,90.01,90.01,100.0,99.9,3.3369,3.3369,1.0,0.0717206689701143,True,True,True,20260127.0,20260123,True,0.8,False,,,SIGNAL_TIME_AMOUNT_SPACE_OVER_ACTUAL_ORDER_GROSS
20260126,D,300461.SZ,田中精机,36697,945,OK,20260128,0.0642184258694327,32.78,32.78,34.92,34.88508,1.822,1.822,1.0,0.0416106299033557,True,True,True,20260128.0,20260126,True,0.8,False,,,SIGNAL_TIME_AMOUNT_SPACE_OVER_ACTUAL_ORDER_GROSS
20260304,D,300617.SZ,安靠智电,37939,948,OK,20260306,0.1093663014966825,64.81,64.81,71.97,71.89803,2.1227,2.1227,1.0,0.0713840917630303,True,True,True,20260306.0,20260304,True,0.8,False,,,SIGNAL_TIME_AMOUNT_SPACE_OVER_ACTUAL_ORDER_GROSS
20260310,D,300629.SZ,新劲刚,38129,948,OK,20260312,-0.0535243860255967,28.91,28.91,27.39,27.36261,2.6034,2.6034,1.0,-0.0360366806401245,True,True,True,20260312.0,20260310,True,0.8,False,,,SIGNAL_TIME_AMOUNT_SPACE_OVER_ACTUAL_ORDER_GROSS
20260323,D,300868.SZ,杰美特,38395,956,OK,20260325,0.1029322253399525,46.33,46.33,51.15,51.09885,1.0142,1.0142,1.0,0.0671410411567019,True,True,True,20260325.0,20260323,True,0.8,False,,,SIGNAL_TIME_AMOUNT_SPACE_OVER_ACTUAL_ORDER_GROSS
20260410,D,688690.SH,纳微科技,39020,948,OK,20260414,0.0116696258719086,31.54,31.54,31.94,31.908060000000003,1.0087,1.0087,1.0,0.0069565144934686,True,True,True,20260414.0,20260410,True,0.8,False,,,SIGNAL_TIME_AMOUNT_SPACE_OVER_ACTUAL_ORDER_GROSS
20260511,D,688766.SH,普冉股份,40049,1000,OK,20260513,0.1563228346456693,381.0,381.0,441.0,440.559,4.1292,4.1292,1.0,0.1023503006787401,True,True,True,20260513.0,20260511,True,0.8,False,,,SIGNAL_TIME_AMOUNT_SPACE_OVER_ACTUAL_ORDER_GROSS
20260518,D,688807.SH,优迅股份,40399,950,OK,20260520,0.0298340058894102,458.45,458.45,472.6,472.1274,1.0,1.0,1.0,0.0189352946274622,True,True,True,20260520.0,20260518,True,0.8,False,,,SIGNAL_TIME_AMOUNT_SPACE_OVER_ACTUAL_ORDER_GROSS
20260522,D,300179.SZ,四方达,40671,1000,OK,20260526,0.1761822948797038,32.42,32.42,38.17,38.13183,7.186,7.186,1.0,0.1154469275657618,True,True,True,20260526.0,20260522,True,0.8,False,,,SIGNAL_TIME_AMOUNT_SPACE_OVER_ACTUAL_ORDER_GROSS
20260525,D,688001.SH,华兴源创,40799,942,OK,20260527,-0.0640501514233797,82.55,82.55,77.34,77.26266,1.032,1.032,1.0,-0.0429780587284797,True,True,True,20260527.0,20260525,True,0.8,False,,,SIGNAL_TIME_AMOUNT_SPACE_OVER_ACTUAL_ORDER_GROSS
20260526,D,300959.SZ,线上线下,40875,952,OK,20260528,-0.0450827154979901,223.9,223.9,214.02,213.80598,1.0428,1.0428,1.0,-0.0304696910089682,True,True,True,20260528.0,20260526,True,0.8,False,,,SIGNAL_TIME_AMOUNT_SPACE_OVER_ACTUAL_ORDER_GROSS
20260608,D,301313.SZ,凡拓数创,41496,953,OK,20260610,0.1769574576271189,59.0,59.0,69.51,69.44049000000001,1.011,1.011,1.0,0.115958120577051,True,True,True,20260610.0,20260608,True,0.8,False,,,SIGNAL_TIME_AMOUNT_SPACE_OVER_ACTUAL_ORDER_GROSS
20260622,D,300401.SZ,花园生物,42357,946,OK,20260624,0.0020166079516859,19.87,19.87,19.93,19.91007,5.3624,5.3624,1.0,0.0005906831695017,True,True,True,20260624.0,20260622,True,0.8,False,,,SIGNAL_TIME_AMOUNT_SPACE_OVER_ACTUAL_ORDER_GROSS
20260630,D,688728.SH,格科微,43048,943,QUEUE_UNCONFIRMED_NO_DEPTH,20260702,,21.04,21.04,24.46,24.43554,1.0042,1.0042,1.0,,False,False,False,,20260630,True,0.8,False,,,SIGNAL_TIME_AMOUNT_SPACE_OVER_ACTUAL_ORDER_GROSS
