date,event,signal_date,ts_code,name,equity,account_return,daily_status,peak_equity,drawdown
20240520,INITIAL,,,,500000.0,0.0,INITIAL,500000.0,0.0
20240520,CLOSED_BY_HISTORICAL_SIM,20240520,300162.SZ,雷曼光电,701507.8273659114,0.403015654731823,CLOSED_BY_HISTORICAL_SIM,701507.8273659114,0.0
20240521,NO_CANDIDATE,20240521,,,701507.8273659114,0.0,NO_CANDIDATE,701507.8273659114,0.0
20240522,NO_CANDIDATE,20240522,,,701507.8273659114,0.0,NO_CANDIDATE,701507.8273659114,0.0
20240523,NO_CANDIDATE,20240523,,,701507.8273659114,0.0,NO_CANDIDATE,701507.8273659114,0.0
20240524,NO_CANDIDATE,20240524,,,701507.8273659114,0.0,NO_CANDIDATE,701507.8273659114,0.0
20240527,NO_CANDIDATE,20240527,,,701507.8273659114,0.0,NO_CANDIDATE,701507.8273659114,0.0
20240528,NO_CANDIDATE,20240528,,,701507.8273659114,0.0,NO_CANDIDATE,701507.8273659114,0.0
20240529,NO_CANDIDATE,20240529,,,701507.8273659114,0.0,NO_CANDIDATE,701507.8273659114,0.0
20240530,NO_CANDIDATE,20240530,,,701507.8273659114,0.0,NO_CANDIDATE,701507.8273659114,0.0
20240531,NO_CANDIDATE,20240531,,,701507.8273659114,0.0,NO_CANDIDATE,701507.8273659114,0.0
20240603,NO_CANDIDATE,20240603,,,701507.8273659114,0.0,NO_CANDIDATE,701507.8273659114,0.0
20240604,NO_CANDIDATE,20240604,,,701507.8273659114,0.0,NO_CANDIDATE,701507.8273659114,0.0
20240605,NO_CANDIDATE,20240605,,,701507.8273659114,0.0,NO_CANDIDATE,701507.8273659114,0.0
20240606,NO_CANDIDATE,20240606,,,701507.8273659114,0.0,NO_CANDIDATE,701507.8273659114,0.0
20240607,NO_CANDIDATE,20240607,,,701507.8273659114,0.0,NO_CANDIDATE,701507.8273659114,0.0
20240611,NO_CANDIDATE,20240611,,,701507.8273659114,0.0,NO_CANDIDATE,701507.8273659114,0.0
20240612,NO_CANDIDATE,20240612,,,701507.8273659114,0.0,NO_CANDIDATE,701507.8273659114,0.0
20240613,NO_CANDIDATE,20240613,,,701507.8273659114,0.0,NO_CANDIDATE,701507.8273659114,0.0
20240614,NO_CANDIDATE,20240614,,,701507.8273659114,0.0,NO_CANDIDATE,701507.8273659114,0.0
20240617,NO_CANDIDATE,20240617,,,701507.8273659114,0.0,NO_CANDIDATE,701507.8273659114,0.0
20240618,NO_CANDIDATE,20240618,,,701507.8273659114,0.0,NO_CANDIDATE,701507.8273659114,0.0
20240619,NO_CANDIDATE,20240619,,,701507.8273659114,0.0,NO_CANDIDATE,701507.8273659114,0.0
20240620,CLOSED_BY_HISTORICAL_SIM,20240620,300469.SZ,信息发展,741862.1905795921,0.0575251788211788,CLOSED_BY_HISTORICAL_SIM,741862.1905795921,0.0
20240621,NO_CANDIDATE,20240621,,,741862.1905795921,0.0,NO_CANDIDATE,741862.1905795921,0.0
20240624,NO_CANDIDATE,20240624,,,741862.1905795921,0.0,NO_CANDIDATE,741862.1905795921,0.0
20240625,NO_CANDIDATE,20240625,,,741862.1905795921,0.0,NO_CANDIDATE,741862.1905795921,0.0
20240626,NO_CANDIDATE,20240626,,,741862.1905795921,0.0,NO_CANDIDATE,741862.1905795921,0.0
20240627,NO_CANDIDATE,20240627,,,741862.1905795921,0.0,NO_CANDIDATE,741862.1905795921,0.0
20240628,NO_CANDIDATE,20240628,,,741862.1905795921,0.0,NO_CANDIDATE,741862.1905795921,0.0
20240701,NO_CANDIDATE,20240701,,,741862.1905795921,0.0,NO_CANDIDATE,741862.1905795921,0.0
20240702,NO_CANDIDATE,20240702,,,741862.1905795921,0.0,NO_CANDIDATE,741862.1905795921,0.0
20240703,NO_CANDIDATE,20240703,,,741862.1905795921,0.0,NO_CANDIDATE,741862.1905795921,0.0
20240704,NO_CANDIDATE,20240704,,,741862.1905795921,0.0,NO_CANDIDATE,741862.1905795921,0.0
20240705,NO_CANDIDATE,20240705,,,741862.1905795921,0.0,NO_CANDIDATE,741862.1905795921,0.0
20240708,NO_CANDIDATE,20240708,,,741862.1905795921,0.0,NO_CANDIDATE,741862.1905795921,0.0
20240709,NO_CANDIDATE,20240709,,,741862.1905795921,0.0,NO_CANDIDATE,741862.1905795921,0.0
20240710,NO_CANDIDATE,20240710,,,741862.1905795921,0.0,NO_CANDIDATE,741862.1905795921,0.0
20240711,NO_CANDIDATE,20240711,,,741862.1905795921,0.0,NO_CANDIDATE,741862.1905795921,0.0
20240712,CLOSED_BY_HISTORICAL_SIM,20240712,300582.SZ,英飞特,763478.3921655716,0.0291377588189142,CLOSED_BY_HISTORICAL_SIM,763478.3921655716,0.0
20240715,NO_CANDIDATE,20240715,,,763478.3921655716,0.0,NO_CANDIDATE,763478.3921655716,0.0
20240716,NO_CANDIDATE,20240716,,,763478.3921655716,0.0,NO_CANDIDATE,763478.3921655716,0.0
20240717,NO_CANDIDATE,20240717,,,763478.3921655716,0.0,NO_CANDIDATE,763478.3921655716,0.0
20240718,NO_CANDIDATE,20240718,,,763478.3921655716,0.0,NO_CANDIDATE,763478.3921655716,0.0
20240719,NO_CANDIDATE,20240719,,,763478.3921655716,0.0,NO_CANDIDATE,763478.3921655716,0.0
20240722,NO_CANDIDATE,20240722,,,763478.3921655716,0.0,NO_CANDIDATE,763478.3921655716,0.0
20240723,NO_CANDIDATE,20240723,,,763478.3921655716,0.0,NO_CANDIDATE,763478.3921655716,0.0
20240724,NO_CANDIDATE,20240724,,,763478.3921655716,0.0,NO_CANDIDATE,763478.3921655716,0.0
20240725,NO_CANDIDATE,20240725,,,763478.3921655716,0.0,NO_CANDIDATE,763478.3921655716,0.0
20240726,NO_CANDIDATE,20240726,,,763478.3921655716,0.0,NO_CANDIDATE,763478.3921655716,0.0
20240729,NO_CANDIDATE,20240729,,,763478.3921655716,0.0,NO_CANDIDATE,763478.3921655716,0.0
20240730,NO_CANDIDATE,20240730,,,763478.3921655716,0.0,NO_CANDIDATE,763478.3921655716,0.0
20240731,NO_CANDIDATE,20240731,,,763478.3921655716,0.0,NO_CANDIDATE,763478.3921655716,0.0
20240801,NO_CANDIDATE,20240801,,,763478.3921655716,0.0,NO_CANDIDATE,763478.3921655716,0.0
20240802,CLOSED_BY_HISTORICAL_SIM,20240802,300149.SZ,睿智医药,930395.7102730904,0.218627429171984,CLOSED_BY_HISTORICAL_SIM,930395.7102730904,0.0
20240805,POSITION_OCCUPIED_SKIP,20240805,300329.SZ,海伦钢琴,930395.7102730904,0.0,POSITION_OCCUPIED_SKIP,930395.7102730904,0.0
20240806,NO_CANDIDATE,20240806,,,930395.7102730904,0.0,NO_CANDIDATE,930395.7102730904,0.0
20240807,NO_CANDIDATE,20240807,,,930395.7102730904,0.0,NO_CANDIDATE,930395.7102730904,0.0
20240808,NO_CANDIDATE,20240808,,,930395.7102730904,0.0,NO_CANDIDATE,930395.7102730904,0.0
20240809,NO_CANDIDATE,20240809,,,930395.7102730904,0.0,NO_CANDIDATE,930395.7102730904,0.0
20240812,NO_CANDIDATE,20240812,,,930395.7102730904,0.0,NO_CANDIDATE,930395.7102730904,0.0
20240813,NO_CANDIDATE,20240813,,,930395.7102730904,0.0,NO_CANDIDATE,930395.7102730904,0.0
20240814,NO_CANDIDATE,20240814,,,930395.7102730904,0.0,NO_CANDIDATE,930395.7102730904,0.0
20240815,NO_CANDIDATE,20240815,,,930395.7102730904,0.0,NO_CANDIDATE,930395.7102730904,0.0
20240816,NO_CANDIDATE,20240816,,,930395.7102730904,0.0,NO_CANDIDATE,930395.7102730904,0.0
20240819,NO_CANDIDATE,20240819,,,930395.7102730904,0.0,NO_CANDIDATE,930395.7102730904,0.0
20240820,NO_CANDIDATE,20240820,,,930395.7102730904,0.0,NO_CANDIDATE,930395.7102730904,0.0
20240821,NO_CANDIDATE,20240821,,,930395.7102730904,0.0,NO_CANDIDATE,930395.7102730904,0.0
20240822,NO_CANDIDATE,20240822,,,930395.7102730904,0.0,NO_CANDIDATE,930395.7102730904,0.0
20240823,NO_CANDIDATE,20240823,,,930395.7102730904,0.0,NO_CANDIDATE,930395.7102730904,0.0
20240826,NO_CANDIDATE,20240826,,,930395.7102730904,0.0,NO_CANDIDATE,930395.7102730904,0.0
20240827,NO_CANDIDATE,20240827,,,930395.7102730904,0.0,NO_CANDIDATE,930395.7102730904,0.0
20240828,NO_CANDIDATE,20240828,,,930395.7102730904,0.0,NO_CANDIDATE,930395.7102730904,0.0
20240829,NO_CANDIDATE,20240829,,,930395.7102730904,0.0,NO_CANDIDATE,930395.7102730904,0.0
20240830,NO_CANDIDATE,20240830,,,930395.7102730904,0.0,NO_CANDIDATE,930395.7102730904,0.0
20240902,NO_CANDIDATE,20240902,,,930395.7102730904,0.0,NO_CANDIDATE,930395.7102730904,0.0
20240903,CLOSED_BY_HISTORICAL_SIM,20240903,300068.SZ,南都电源,976106.0787115495,0.0491300292270718,CLOSED_BY_HISTORICAL_SIM,976106.0787115495,0.0
20240904,NO_CANDIDATE,20240904,,,976106.0787115495,0.0,NO_CANDIDATE,976106.0787115495,0.0
20240905,NO_CANDIDATE,20240905,,,976106.0787115495,0.0,NO_CANDIDATE,976106.0787115495,0.0
20240906,CLOSED_BY_HISTORICAL_SIM,20240906,300905.SZ,宝丽迪,1082386.2872005117,0.1088818221778221,CLOSED_BY_HISTORICAL_SIM,1082386.2872005117,0.0
20240909,NO_CANDIDATE,20240909,,,1082386.2872005117,0.0,NO_CANDIDATE,1082386.2872005117,0.0
20240910,CLOSED_BY_HISTORICAL_SIM,20240910,300134.SZ,大富科技,1142242.4694689163,0.0553002037962039,CLOSED_BY_HISTORICAL_SIM,1142242.4694689163,0.0
20240911,NO_CANDIDATE,20240911,,,1142242.4694689163,0.0,NO_CANDIDATE,1142242.4694689163,0.0
20240912,NO_CANDIDATE,20240912,,,1142242.4694689163,0.0,NO_CANDIDATE,1142242.4694689163,0.0
20240913,CLOSED_BY_HISTORICAL_SIM,20240913,300072.SZ,海新能科,1113510.7804214994,-0.0251537565931826,CLOSED_BY_HISTORICAL_SIM,1142242.4694689163,-0.02515375659318253
20240918,NO_CANDIDATE,20240918,,,1113510.7804214994,0.0,NO_CANDIDATE,1142242.4694689163,-0.02515375659318253
20240919,NO_CANDIDATE,20240919,,,1113510.7804214994,0.0,NO_CANDIDATE,1142242.4694689163,-0.02515375659318253
20240920,CLOSED_BY_HISTORICAL_SIM,20240920,300085.SZ,银之杰,1324352.019380977,0.1893481793500619,CLOSED_BY_HISTORICAL_SIM,1324352.019380977,0.0
20240923,NO_CANDIDATE,20240923,,,1324352.019380977,0.0,NO_CANDIDATE,1324352.019380977,0.0
20240924,NO_CANDIDATE,20240924,,,1324352.019380977,0.0,NO_CANDIDATE,1324352.019380977,0.0
20240925,NO_CANDIDATE,20240925,,,1324352.019380977,0.0,NO_CANDIDATE,1324352.019380977,0.0
20240926,NO_CANDIDATE,20240926,,,1324352.019380977,0.0,NO_CANDIDATE,1324352.019380977,0.0
20240927,NO_CANDIDATE,20240927,,,1324352.019380977,0.0,NO_CANDIDATE,1324352.019380977,0.0
20240930,NO_CANDIDATE,20240930,,,1324352.019380977,0.0,NO_CANDIDATE,1324352.019380977,0.0
20241008,NO_CANDIDATE,20241008,,,1324352.019380977,0.0,NO_CANDIDATE,1324352.019380977,0.0
20241009,NO_CANDIDATE,20241009,,,1324352.019380977,0.0,NO_CANDIDATE,1324352.019380977,0.0
20241010,NO_CANDIDATE,20241010,,,1324352.019380977,0.0,NO_CANDIDATE,1324352.019380977,0.0
20241011,NO_CANDIDATE,20241011,,,1324352.019380977,0.0,NO_CANDIDATE,1324352.019380977,0.0
20241014,NO_CANDIDATE,20241014,,,1324352.019380977,0.0,NO_CANDIDATE,1324352.019380977,0.0
20241015,NO_CANDIDATE,20241015,,,1324352.019380977,0.0,NO_CANDIDATE,1324352.019380977,0.0
20241016,NO_CANDIDATE,20241016,,,1324352.019380977,0.0,NO_CANDIDATE,1324352.019380977,0.0
20241017,NO_CANDIDATE,20241017,,,1324352.019380977,0.0,NO_CANDIDATE,1324352.019380977,0.0
20241018,NO_CANDIDATE,20241018,,,1324352.019380977,0.0,NO_CANDIDATE,1324352.019380977,0.0
20241021,NO_CANDIDATE,20241021,,,1324352.019380977,0.0,NO_CANDIDATE,1324352.019380977,0.0
20241022,NO_CANDIDATE,20241022,,,1324352.019380977,0.0,NO_CANDIDATE,1324352.019380977,0.0
20241023,NO_CANDIDATE,20241023,,,1324352.019380977,0.0,NO_CANDIDATE,1324352.019380977,0.0
20241024,NO_CANDIDATE,20241024,,,1324352.019380977,0.0,NO_CANDIDATE,1324352.019380977,0.0
20241025,NO_CANDIDATE,20241025,,,1324352.019380977,0.0,NO_CANDIDATE,1324352.019380977,0.0
20241028,NO_CANDIDATE,20241028,,,1324352.019380977,0.0,NO_CANDIDATE,1324352.019380977,0.0
20241029,NO_CANDIDATE,20241029,,,1324352.019380977,0.0,NO_CANDIDATE,1324352.019380977,0.0
20241030,NO_CANDIDATE,20241030,,,1324352.019380977,0.0,NO_CANDIDATE,1324352.019380977,0.0
20241031,NO_CANDIDATE,20241031,,,1324352.019380977,0.0,NO_CANDIDATE,1324352.019380977,0.0
20241101,NO_CANDIDATE,20241101,,,1324352.019380977,0.0,NO_CANDIDATE,1324352.019380977,0.0
20241104,NO_CANDIDATE,20241104,,,1324352.019380977,0.0,NO_CANDIDATE,1324352.019380977,0.0
20241105,NO_CANDIDATE,20241105,,,1324352.019380977,0.0,NO_CANDIDATE,1324352.019380977,0.0
20241106,NO_CANDIDATE,20241106,,,1324352.019380977,0.0,NO_CANDIDATE,1324352.019380977,0.0
20241107,NO_CANDIDATE,20241107,,,1324352.019380977,0.0,NO_CANDIDATE,1324352.019380977,0.0
20241108,NO_CANDIDATE,20241108,,,1324352.019380977,0.0,NO_CANDIDATE,1324352.019380977,0.0
20241111,NO_CANDIDATE,20241111,,,1324352.019380977,0.0,NO_CANDIDATE,1324352.019380977,0.0
20241112,NO_CANDIDATE,20241112,,,1324352.019380977,0.0,NO_CANDIDATE,1324352.019380977,0.0
20241113,NO_CANDIDATE,20241113,,,1324352.019380977,0.0,NO_CANDIDATE,1324352.019380977,0.0
20241114,CLOSED_BY_HISTORICAL_SIM,20241114,920436.BJ,大地电气,1512670.796497302,0.1421969192181609,CLOSED_BY_HISTORICAL_SIM,1512670.796497302,0.0
20241115,NO_CANDIDATE,20241115,,,1512670.796497302,0.0,NO_CANDIDATE,1512670.796497302,0.0
20241118,NO_CANDIDATE,20241118,,,1512670.796497302,0.0,NO_CANDIDATE,1512670.796497302,0.0
20241119,NO_CANDIDATE,20241119,,,1512670.796497302,0.0,NO_CANDIDATE,1512670.796497302,0.0
20241120,NO_CANDIDATE,20241120,,,1512670.796497302,0.0,NO_CANDIDATE,1512670.796497302,0.0
20241121,NO_CANDIDATE,20241121,,,1512670.796497302,0.0,NO_CANDIDATE,1512670.796497302,0.0
20241122,NO_CANDIDATE,20241122,,,1512670.796497302,0.0,NO_CANDIDATE,1512670.796497302,0.0
20241125,NO_CANDIDATE,20241125,,,1512670.796497302,0.0,NO_CANDIDATE,1512670.796497302,0.0
20241126,NO_CANDIDATE,20241126,,,1512670.796497302,0.0,NO_CANDIDATE,1512670.796497302,0.0
20241127,NO_CANDIDATE,20241127,,,1512670.796497302,0.0,NO_CANDIDATE,1512670.796497302,0.0
20241128,NO_CANDIDATE,20241128,,,1512670.796497302,0.0,NO_CANDIDATE,1512670.796497302,0.0
20241129,NO_CANDIDATE,20241129,,,1512670.796497302,0.0,NO_CANDIDATE,1512670.796497302,0.0
20241202,NO_CANDIDATE,20241202,,,1512670.796497302,0.0,NO_CANDIDATE,1512670.796497302,0.0
20241203,NO_CANDIDATE,20241203,,,1512670.796497302,0.0,NO_CANDIDATE,1512670.796497302,0.0
20241204,NO_CANDIDATE,20241204,,,1512670.796497302,0.0,NO_CANDIDATE,1512670.796497302,0.0
20241205,NO_CANDIDATE,20241205,,,1512670.796497302,0.0,NO_CANDIDATE,1512670.796497302,0.0
20241206,NO_CANDIDATE,20241206,,,1512670.796497302,0.0,NO_CANDIDATE,1512670.796497302,0.0
20241209,NO_CANDIDATE,20241209,,,1512670.796497302,0.0,NO_CANDIDATE,1512670.796497302,0.0
20241210,NO_CANDIDATE,20241210,,,1512670.796497302,0.0,NO_CANDIDATE,1512670.796497302,0.0
20241211,NO_CANDIDATE,20241211,,,1512670.796497302,0.0,NO_CANDIDATE,1512670.796497302,0.0
20241212,NO_CANDIDATE,20241212,,,1512670.796497302,0.0,NO_CANDIDATE,1512670.796497302,0.0
20241213,NO_CANDIDATE,20241213,,,1512670.796497302,0.0,NO_CANDIDATE,1512670.796497302,0.0
20241216,NO_CANDIDATE,20241216,,,1512670.796497302,0.0,NO_CANDIDATE,1512670.796497302,0.0
20241217,CLOSED_BY_HISTORICAL_SIM,20241217,300739.SZ,明阳电路,1560677.2321858732,0.0317362084332781,CLOSED_BY_HISTORICAL_SIM,1560677.2321858732,0.0
20241218,NO_CANDIDATE,20241218,,,1560677.2321858732,0.0,NO_CANDIDATE,1560677.2321858732,0.0
20241219,NO_CANDIDATE,20241219,,,1560677.2321858732,0.0,NO_CANDIDATE,1560677.2321858732,0.0
20241220,NO_CANDIDATE,20241220,,,1560677.2321858732,0.0,NO_CANDIDATE,1560677.2321858732,0.0
20241223,CLOSED_BY_HISTORICAL_SIM,20241223,920725.BJ,惠丰钻石,1654961.0230196987,0.060412101163142,CLOSED_BY_HISTORICAL_SIM,1654961.0230196987,0.0
20241224,NO_CANDIDATE,20241224,,,1654961.0230196987,0.0,NO_CANDIDATE,1654961.0230196987,0.0
20241225,NO_CANDIDATE,20241225,,,1654961.0230196987,0.0,NO_CANDIDATE,1654961.0230196987,0.0
20241226,NO_CANDIDATE,20241226,,,1654961.0230196987,0.0,NO_CANDIDATE,1654961.0230196987,0.0
20241227,REVIEW_REQUIRED_PLAN_ONLY,20241227,300599.SZ,雄塑科技,1654961.0230196987,0.0,REVIEW_REQUIRED_PLAN_ONLY,1654961.0230196987,0.0
20241230,PENDING_NO_HISTORICAL_MATCH,20241230,300933.SZ,中辰股份,1654961.0230196987,0.0,PENDING_NO_HISTORICAL_MATCH,1654961.0230196987,0.0
20241231,NO_CANDIDATE,20241231,,,1654961.0230196987,0.0,NO_CANDIDATE,1654961.0230196987,0.0
20250102,CLOSED_BY_HISTORICAL_SIM,20250102,300947.SZ,德必集团,1605295.7625680899,-0.0300099275818519,CLOSED_BY_HISTORICAL_SIM,1654961.0230196987,-0.030009927581851947
20250103,POSITION_OCCUPIED_SKIP,20250103,301568.SZ,思泰克,1605295.7625680899,0.0,POSITION_OCCUPIED_SKIP,1654961.0230196987,-0.030009927581851947
20250106,CLOSED_BY_HISTORICAL_SIM,20250106,920367.BJ,新赣江,1691179.383498496,0.0535001854069637,CLOSED_BY_HISTORICAL_SIM,1691179.383498496,0.0
20250107,NO_CANDIDATE,20250107,,,1691179.383498496,0.0,NO_CANDIDATE,1691179.383498496,0.0
20250108,NO_CANDIDATE,20250108,,,1691179.383498496,0.0,NO_CANDIDATE,1691179.383498496,0.0
20250109,NO_CANDIDATE,20250109,,,1691179.383498496,0.0,NO_CANDIDATE,1691179.383498496,0.0
20250110,NO_CANDIDATE,20250110,,,1691179.383498496,0.0,NO_CANDIDATE,1691179.383498496,0.0
20250113,NO_CANDIDATE,20250113,,,1691179.383498496,0.0,NO_CANDIDATE,1691179.383498496,0.0
20250114,NO_CANDIDATE,20250114,,,1691179.383498496,0.0,NO_CANDIDATE,1691179.383498496,0.0
20250115,NO_CANDIDATE,20250115,,,1691179.383498496,0.0,NO_CANDIDATE,1691179.383498496,0.0
20250116,NO_CANDIDATE,20250116,,,1691179.383498496,0.0,NO_CANDIDATE,1691179.383498496,0.0
20250117,NO_CANDIDATE,20250117,,,1691179.383498496,0.0,NO_CANDIDATE,1691179.383498496,0.0
20250120,NO_CANDIDATE,20250120,,,1691179.383498496,0.0,NO_CANDIDATE,1691179.383498496,0.0
20250121,NO_CANDIDATE,20250121,,,1691179.383498496,0.0,NO_CANDIDATE,1691179.383498496,0.0
20250122,NO_CANDIDATE,20250122,,,1691179.383498496,0.0,NO_CANDIDATE,1691179.383498496,0.0
20250123,NO_CANDIDATE,20250123,,,1691179.383498496,0.0,NO_CANDIDATE,1691179.383498496,0.0
20250124,NO_CANDIDATE,20250124,,,1691179.383498496,0.0,NO_CANDIDATE,1691179.383498496,0.0
20250127,NO_CANDIDATE,20250127,,,1691179.383498496,0.0,NO_CANDIDATE,1691179.383498496,0.0
20250205,NO_CANDIDATE,20250205,,,1691179.383498496,0.0,NO_CANDIDATE,1691179.383498496,0.0
20250206,NO_CANDIDATE,20250206,,,1691179.383498496,0.0,NO_CANDIDATE,1691179.383498496,0.0
20250207,NO_CANDIDATE,20250207,,,1691179.383498496,0.0,NO_CANDIDATE,1691179.383498496,0.0
20250210,NO_CANDIDATE,20250210,,,1691179.383498496,0.0,NO_CANDIDATE,1691179.383498496,0.0
20250211,NO_CANDIDATE,20250211,,,1691179.383498496,0.0,NO_CANDIDATE,1691179.383498496,0.0
20250212,NO_CANDIDATE,20250212,,,1691179.383498496,0.0,NO_CANDIDATE,1691179.383498496,0.0
20250213,NO_CANDIDATE,20250213,,,1691179.383498496,0.0,NO_CANDIDATE,1691179.383498496,0.0
20250214,NO_CANDIDATE,20250214,,,1691179.383498496,0.0,NO_CANDIDATE,1691179.383498496,0.0
20250217,NO_CANDIDATE,20250217,,,1691179.383498496,0.0,NO_CANDIDATE,1691179.383498496,0.0
20250218,NO_CANDIDATE,20250218,,,1691179.383498496,0.0,NO_CANDIDATE,1691179.383498496,0.0
20250219,CLOSED_BY_HISTORICAL_SIM,20250219,920533.BJ,骏创科技,1790459.2694456533,0.0587045270985859,CLOSED_BY_HISTORICAL_SIM,1790459.2694456533,0.0
20250220,NO_CANDIDATE,20250220,,,1790459.2694456533,0.0,NO_CANDIDATE,1790459.2694456533,0.0
20250221,NO_CANDIDATE,20250221,,,1790459.2694456533,0.0,NO_CANDIDATE,1790459.2694456533,0.0
20250224,NO_CANDIDATE,20250224,,,1790459.2694456533,0.0,NO_CANDIDATE,1790459.2694456533,0.0
20250225,NO_CANDIDATE,20250225,,,1790459.2694456533,0.0,NO_CANDIDATE,1790459.2694456533,0.0
20250226,NO_CANDIDATE,20250226,,,1790459.2694456533,0.0,NO_CANDIDATE,1790459.2694456533,0.0
20250227,NO_CANDIDATE,20250227,,,1790459.2694456533,0.0,NO_CANDIDATE,1790459.2694456533,0.0
20250228,CLOSED_BY_HISTORICAL_SIM,20250228,920284.BJ,灵鸽科技,1871837.8499230603,0.0454512324665184,CLOSED_BY_HISTORICAL_SIM,1871837.8499230603,0.0
20250303,NO_CANDIDATE,20250303,,,1871837.8499230603,0.0,NO_CANDIDATE,1871837.8499230603,0.0
20250304,NO_CANDIDATE,20250304,,,1871837.8499230603,0.0,NO_CANDIDATE,1871837.8499230603,0.0
20250305,CLOSED_BY_HISTORICAL_SIM,20250305,920425.BJ,乐创技术,1857831.0435311273,-0.0074829165317438,CLOSED_BY_HISTORICAL_SIM,1871837.8499230603,-0.007482916531743822
20250306,NO_CANDIDATE,20250306,,,1857831.0435311273,0.0,NO_CANDIDATE,1871837.8499230603,-0.007482916531743822
20250307,NO_CANDIDATE,20250307,,,1857831.0435311273,0.0,NO_CANDIDATE,1871837.8499230603,-0.007482916531743822
20250310,CLOSED_BY_HISTORICAL_SIM,20250310,301225.SZ,恒勃股份,1965556.7499068908,0.0579846626800962,CLOSED_BY_HISTORICAL_SIM,1965556.7499068908,0.0
20250311,POSITION_OCCUPIED_SKIP,20250311,300819.SZ,聚杰微纤,1965556.7499068908,0.0,POSITION_OCCUPIED_SKIP,1965556.7499068908,0.0
20250312,NO_CANDIDATE,20250312,,,1965556.7499068908,0.0,NO_CANDIDATE,1965556.7499068908,0.0
20250313,NO_CANDIDATE,20250313,,,1965556.7499068908,0.0,NO_CANDIDATE,1965556.7499068908,0.0
20250314,NO_CANDIDATE,20250314,,,1965556.7499068908,0.0,NO_CANDIDATE,1965556.7499068908,0.0
20250317,NO_CANDIDATE,20250317,,,1965556.7499068908,0.0,NO_CANDIDATE,1965556.7499068908,0.0
20250318,NO_CANDIDATE,20250318,,,1965556.7499068908,0.0,NO_CANDIDATE,1965556.7499068908,0.0
20250319,NO_CANDIDATE,20250319,,,1965556.7499068908,0.0,NO_CANDIDATE,1965556.7499068908,0.0
20250320,NO_CANDIDATE,20250320,,,1965556.7499068908,0.0,NO_CANDIDATE,1965556.7499068908,0.0
20250321,NO_CANDIDATE,20250321,,,1965556.7499068908,0.0,NO_CANDIDATE,1965556.7499068908,0.0
20250324,NO_CANDIDATE,20250324,,,1965556.7499068908,0.0,NO_CANDIDATE,1965556.7499068908,0.0
20250325,NO_CANDIDATE,20250325,,,1965556.7499068908,0.0,NO_CANDIDATE,1965556.7499068908,0.0
20250326,NO_CANDIDATE,20250326,,,1965556.7499068908,0.0,NO_CANDIDATE,1965556.7499068908,0.0
20250327,NO_CANDIDATE,20250327,,,1965556.7499068908,0.0,NO_CANDIDATE,1965556.7499068908,0.0
20250328,NO_CANDIDATE,20250328,,,1965556.7499068908,0.0,NO_CANDIDATE,1965556.7499068908,0.0
20250331,NO_CANDIDATE,20250331,,,1965556.7499068908,0.0,NO_CANDIDATE,1965556.7499068908,0.0
20250401,NO_CANDIDATE,20250401,,,1965556.7499068908,0.0,NO_CANDIDATE,1965556.7499068908,0.0
20250402,NO_CANDIDATE,20250402,,,1965556.7499068908,0.0,NO_CANDIDATE,1965556.7499068908,0.0
20250403,NO_CANDIDATE,20250403,,,1965556.7499068908,0.0,NO_CANDIDATE,1965556.7499068908,0.0
20250407,CLOSED_BY_HISTORICAL_SIM,20250407,920087.BJ,秋乐种业,2898114.6207316276,0.4744497307792882,CLOSED_BY_HISTORICAL_SIM,2898114.6207316276,0.0
20250408,NO_CANDIDATE,20250408,,,2898114.6207316276,0.0,NO_CANDIDATE,2898114.6207316276,0.0
20250409,NO_CANDIDATE,20250409,,,2898114.6207316276,0.0,NO_CANDIDATE,2898114.6207316276,0.0
20250410,NO_CANDIDATE,20250410,,,2898114.6207316276,0.0,NO_CANDIDATE,2898114.6207316276,0.0
20250411,NO_CANDIDATE,20250411,,,2898114.6207316276,0.0,NO_CANDIDATE,2898114.6207316276,0.0
20250414,NO_CANDIDATE,20250414,,,2898114.6207316276,0.0,NO_CANDIDATE,2898114.6207316276,0.0
20250415,CLOSED_BY_HISTORICAL_SIM,20250415,920273.BJ,一致魔芋,3622448.439229703,0.2499327712287713,CLOSED_BY_HISTORICAL_SIM,3622448.439229703,0.0
20250416,NO_CANDIDATE,20250416,,,3622448.439229703,0.0,NO_CANDIDATE,3622448.439229703,0.0
20250417,NO_CANDIDATE,20250417,,,3622448.439229703,0.0,NO_CANDIDATE,3622448.439229703,0.0
20250418,NO_CANDIDATE,20250418,,,3622448.439229703,0.0,NO_CANDIDATE,3622448.439229703,0.0
20250421,NO_CANDIDATE,20250421,,,3622448.439229703,0.0,NO_CANDIDATE,3622448.439229703,0.0
20250422,NO_CANDIDATE,20250422,,,3622448.439229703,0.0,NO_CANDIDATE,3622448.439229703,0.0
20250423,CLOSED_BY_HISTORICAL_SIM,20250423,301000.SZ,肇民科技,3866511.315174819,0.0673751138324042,CLOSED_BY_HISTORICAL_SIM,3866511.315174819,0.0
20250424,NO_CANDIDATE,20250424,,,3866511.315174819,0.0,NO_CANDIDATE,3866511.315174819,0.0
20250425,NO_CANDIDATE,20250425,,,3866511.315174819,0.0,NO_CANDIDATE,3866511.315174819,0.0
20250428,NO_CANDIDATE,20250428,,,3866511.315174819,0.0,NO_CANDIDATE,3866511.315174819,0.0
20250429,NO_CANDIDATE,20250429,,,3866511.315174819,0.0,NO_CANDIDATE,3866511.315174819,0.0
20250430,NO_CANDIDATE,20250430,,,3866511.315174819,0.0,NO_CANDIDATE,3866511.315174819,0.0
20250506,NO_CANDIDATE,20250506,,,3866511.315174819,0.0,NO_CANDIDATE,3866511.315174819,0.0
20250507,NO_CANDIDATE,20250507,,,3866511.315174819,0.0,NO_CANDIDATE,3866511.315174819,0.0
20250508,CLOSED_BY_HISTORICAL_SIM,20250508,302132.SZ,中航成飞,4131047.87955518,0.0684173775315594,CLOSED_BY_HISTORICAL_SIM,4131047.87955518,0.0
20250509,NO_CANDIDATE,20250509,,,4131047.87955518,0.0,NO_CANDIDATE,4131047.87955518,0.0
20250512,NO_CANDIDATE,20250512,,,4131047.87955518,0.0,NO_CANDIDATE,4131047.87955518,0.0
20250513,NO_CANDIDATE,20250513,,,4131047.87955518,0.0,NO_CANDIDATE,4131047.87955518,0.0
20250514,NO_CANDIDATE,20250514,,,4131047.87955518,0.0,NO_CANDIDATE,4131047.87955518,0.0
20250515,NO_CANDIDATE,20250515,,,4131047.87955518,0.0,NO_CANDIDATE,4131047.87955518,0.0
20250516,CLOSED_BY_HISTORICAL_SIM,20250516,301260.SZ,格力博,4467264.159165198,0.0813876501586859,CLOSED_BY_HISTORICAL_SIM,4467264.159165198,0.0
20250519,NO_CANDIDATE,20250519,,,4467264.159165198,0.0,NO_CANDIDATE,4467264.159165198,0.0
20250520,NO_CANDIDATE,20250520,,,4467264.159165198,0.0,NO_CANDIDATE,4467264.159165198,0.0
20250521,NO_CANDIDATE,20250521,,,4467264.159165198,0.0,NO_CANDIDATE,4467264.159165198,0.0
20250522,CLOSED_BY_HISTORICAL_SIM,20250522,300418.SZ,昆仑万维,4374267.881633885,-0.0208172774695937,CLOSED_BY_HISTORICAL_SIM,4467264.159165198,-0.02081727746959361
20250523,NO_CANDIDATE,20250523,,,4374267.881633885,0.0,NO_CANDIDATE,4467264.159165198,-0.02081727746959361
20250526,NO_CANDIDATE,20250526,,,4374267.881633885,0.0,NO_CANDIDATE,4467264.159165198,-0.02081727746959361
20250527,NO_CANDIDATE,20250527,,,4374267.881633885,0.0,NO_CANDIDATE,4467264.159165198,-0.02081727746959361
20250528,NO_CANDIDATE,20250528,,,4374267.881633885,0.0,NO_CANDIDATE,4467264.159165198,-0.02081727746959361
20250529,NO_CANDIDATE,20250529,,,4374267.881633885,0.0,NO_CANDIDATE,4467264.159165198,-0.02081727746959361
20250530,NO_CANDIDATE,20250530,,,4374267.881633885,0.0,NO_CANDIDATE,4467264.159165198,-0.02081727746959361
20250603,NO_CANDIDATE,20250603,,,4374267.881633885,0.0,NO_CANDIDATE,4467264.159165198,-0.02081727746959361
20250604,NO_CANDIDATE,20250604,,,4374267.881633885,0.0,NO_CANDIDATE,4467264.159165198,-0.02081727746959361
20250605,CLOSED_BY_HISTORICAL_SIM,20250605,920748.BJ,路桥信息,5810911.233059866,0.3284305831972421,CLOSED_BY_HISTORICAL_SIM,5810911.233059866,0.0
20250606,NO_CANDIDATE,20250606,,,5810911.233059866,0.0,NO_CANDIDATE,5810911.233059866,0.0
20250609,NO_CANDIDATE,20250609,,,5810911.233059866,0.0,NO_CANDIDATE,5810911.233059866,0.0
20250610,NO_CANDIDATE,20250610,,,5810911.233059866,0.0,NO_CANDIDATE,5810911.233059866,0.0
20250611,CLOSED_BY_HISTORICAL_SIM,20250611,301110.SZ,青木科技,5871711.8300341815,0.0104631777247611,CLOSED_BY_HISTORICAL_SIM,5871711.8300341815,0.0
20250612,NO_CANDIDATE,20250612,,,5871711.8300341815,0.0,NO_CANDIDATE,5871711.8300341815,0.0
20250613,NO_CANDIDATE,20250613,,,5871711.8300341815,0.0,NO_CANDIDATE,5871711.8300341815,0.0
20250616,NO_CANDIDATE,20250616,,,5871711.8300341815,0.0,NO_CANDIDATE,5871711.8300341815,0.0
20250617,CLOSED_BY_HISTORICAL_SIM,20250617,300457.SZ,赢合科技,5991926.028965622,0.020473450062133,CLOSED_BY_HISTORICAL_SIM,5991926.028965622,0.0
20250618,NO_CANDIDATE,20250618,,,5991926.028965622,0.0,NO_CANDIDATE,5991926.028965622,0.0
20250619,NO_CANDIDATE,20250619,,,5991926.028965622,0.0,NO_CANDIDATE,5991926.028965622,0.0
20250620,NO_CANDIDATE,20250620,,,5991926.028965622,0.0,NO_CANDIDATE,5991926.028965622,0.0
20250623,NO_CANDIDATE,20250623,,,5991926.028965622,0.0,NO_CANDIDATE,5991926.028965622,0.0
20250624,NO_CANDIDATE,20250624,,,5991926.028965622,0.0,NO_CANDIDATE,5991926.028965622,0.0
20250625,NO_CANDIDATE,20250625,,,5991926.028965622,0.0,NO_CANDIDATE,5991926.028965622,0.0
20250626,NO_CANDIDATE,20250626,,,5991926.028965622,0.0,NO_CANDIDATE,5991926.028965622,0.0
20250627,NO_CANDIDATE,20250627,,,5991926.028965622,0.0,NO_CANDIDATE,5991926.028965622,0.0
20250630,NO_CANDIDATE,20250630,,,5991926.028965622,0.0,NO_CANDIDATE,5991926.028965622,0.0
20250701,NO_CANDIDATE,20250701,,,5991926.028965622,0.0,NO_CANDIDATE,5991926.028965622,0.0
20250702,NO_CANDIDATE,20250702,,,5991926.028965622,0.0,NO_CANDIDATE,5991926.028965622,0.0
20250703,NO_CANDIDATE,20250703,,,5991926.028965622,0.0,NO_CANDIDATE,5991926.028965622,0.0
20250704,CLOSED_BY_HISTORICAL_SIM,20250704,301389.SZ,隆扬电子,6218037.881291171,0.0377360887354917,CLOSED_BY_HISTORICAL_SIM,6218037.881291171,0.0
20250707,NO_CANDIDATE,20250707,,,6218037.881291171,0.0,NO_CANDIDATE,6218037.881291171,0.0
20250708,NO_CANDIDATE,20250708,,,6218037.881291171,0.0,NO_CANDIDATE,6218037.881291171,0.0
20250709,NO_CANDIDATE,20250709,,,6218037.881291171,0.0,NO_CANDIDATE,6218037.881291171,0.0
20250710,NO_CANDIDATE,20250710,,,6218037.881291171,0.0,NO_CANDIDATE,6218037.881291171,0.0
20250711,NO_CANDIDATE,20250711,,,6218037.881291171,0.0,NO_CANDIDATE,6218037.881291171,0.0
20250714,NO_CANDIDATE,20250714,,,6218037.881291171,0.0,NO_CANDIDATE,6218037.881291171,0.0
20250715,CLOSED_BY_HISTORICAL_SIM,20250715,300378.SZ,鼎捷数智,6151758.101927161,-0.0106592755832884,CLOSED_BY_HISTORICAL_SIM,6218037.881291171,-0.010659275583288386
20250716,NO_CANDIDATE,20250716,,,6151758.101927161,0.0,NO_CANDIDATE,6218037.881291171,-0.010659275583288386
20250717,NO_CANDIDATE,20250717,,,6151758.101927161,0.0,NO_CANDIDATE,6218037.881291171,-0.010659275583288386
20250718,NO_CANDIDATE,20250718,,,6151758.101927161,0.0,NO_CANDIDATE,6218037.881291171,-0.010659275583288386
20250721,NO_CANDIDATE,20250721,,,6151758.101927161,0.0,NO_CANDIDATE,6218037.881291171,-0.010659275583288386
20250722,NO_CANDIDATE,20250722,,,6151758.101927161,0.0,NO_CANDIDATE,6218037.881291171,-0.010659275583288386
20250723,NO_CANDIDATE,20250723,,,6151758.101927161,0.0,NO_CANDIDATE,6218037.881291171,-0.010659275583288386
20250724,NO_CANDIDATE,20250724,,,6151758.101927161,0.0,NO_CANDIDATE,6218037.881291171,-0.010659275583288386
20250725,CLOSED_BY_HISTORICAL_SIM,20250725,300781.SZ,因赛集团,6223691.5314849205,0.0116931498875458,CLOSED_BY_HISTORICAL_SIM,6223691.5314849205,0.0
20250728,NO_CANDIDATE,20250728,,,6223691.5314849205,0.0,NO_CANDIDATE,6223691.5314849205,0.0
20250729,CLOSED_BY_HISTORICAL_SIM,20250729,300528.SZ,幸福蓝海,6362407.73271111,0.02228841203399,CLOSED_BY_HISTORICAL_SIM,6362407.73271111,0.0
20250730,POSITION_OCCUPIED_SKIP,20250730,300877.SZ,金春股份,6362407.73271111,0.0,POSITION_OCCUPIED_SKIP,6362407.73271111,0.0
20250731,NO_CANDIDATE,20250731,,,6362407.73271111,0.0,NO_CANDIDATE,6362407.73271111,0.0
20250801,NO_CANDIDATE,20250801,,,6362407.73271111,0.0,NO_CANDIDATE,6362407.73271111,0.0
20250804,NO_CANDIDATE,20250804,,,6362407.73271111,0.0,NO_CANDIDATE,6362407.73271111,0.0
20250805,NO_CANDIDATE,20250805,,,6362407.73271111,0.0,NO_CANDIDATE,6362407.73271111,0.0
20250806,NO_CANDIDATE,20250806,,,6362407.73271111,0.0,NO_CANDIDATE,6362407.73271111,0.0
20250807,NO_CANDIDATE,20250807,,,6362407.73271111,0.0,NO_CANDIDATE,6362407.73271111,0.0
20250808,NO_CANDIDATE,20250808,,,6362407.73271111,0.0,NO_CANDIDATE,6362407.73271111,0.0
20250811,NO_CANDIDATE,20250811,,,6362407.73271111,0.0,NO_CANDIDATE,6362407.73271111,0.0
20250812,NO_CANDIDATE,20250812,,,6362407.73271111,0.0,NO_CANDIDATE,6362407.73271111,0.0
20250813,NO_CANDIDATE,20250813,,,6362407.73271111,0.0,NO_CANDIDATE,6362407.73271111,0.0
20250814,NO_CANDIDATE,20250814,,,6362407.73271111,0.0,NO_CANDIDATE,6362407.73271111,0.0
20250815,NO_CANDIDATE,20250815,,,6362407.73271111,0.0,NO_CANDIDATE,6362407.73271111,0.0
20250818,NO_CANDIDATE,20250818,,,6362407.73271111,0.0,NO_CANDIDATE,6362407.73271111,0.0
20250819,NO_CANDIDATE,20250819,,,6362407.73271111,0.0,NO_CANDIDATE,6362407.73271111,0.0
20250820,NO_CANDIDATE,20250820,,,6362407.73271111,0.0,NO_CANDIDATE,6362407.73271111,0.0
20250821,NO_CANDIDATE,20250821,,,6362407.73271111,0.0,NO_CANDIDATE,6362407.73271111,0.0
20250822,NO_CANDIDATE,20250822,,,6362407.73271111,0.0,NO_CANDIDATE,6362407.73271111,0.0
20250825,NO_CANDIDATE,20250825,,,6362407.73271111,0.0,NO_CANDIDATE,6362407.73271111,0.0
20250826,NO_CANDIDATE,20250826,,,6362407.73271111,0.0,NO_CANDIDATE,6362407.73271111,0.0
20250827,NO_CANDIDATE,20250827,,,6362407.73271111,0.0,NO_CANDIDATE,6362407.73271111,0.0
20250828,NO_CANDIDATE,20250828,,,6362407.73271111,0.0,NO_CANDIDATE,6362407.73271111,0.0
20250829,NO_CANDIDATE,20250829,,,6362407.73271111,0.0,NO_CANDIDATE,6362407.73271111,0.0
20250901,NO_CANDIDATE,20250901,,,6362407.73271111,0.0,NO_CANDIDATE,6362407.73271111,0.0
20250902,CLOSED_BY_HISTORICAL_SIM,20250902,920274.BJ,宏裕包材,9531230.134121867,0.4980539655009626,CLOSED_BY_HISTORICAL_SIM,9531230.134121867,0.0
20250903,POSITION_OCCUPIED_SKIP,20250903,300092.SZ,科新机电,9531230.134121867,0.0,POSITION_OCCUPIED_SKIP,9531230.134121867,0.0
20250904,NO_CANDIDATE,20250904,,,9531230.134121867,0.0,NO_CANDIDATE,9531230.134121867,0.0
20250905,NO_CANDIDATE,20250905,,,9531230.134121867,0.0,NO_CANDIDATE,9531230.134121867,0.0
20250908,CLOSED_BY_HISTORICAL_SIM,20250908,301538.SZ,骏鼎达,9470308.075283812,-0.0063918358890478,CLOSED_BY_HISTORICAL_SIM,9531230.134121867,-0.006391835889047903
20250909,NO_CANDIDATE,20250909,,,9470308.075283812,0.0,NO_CANDIDATE,9531230.134121867,-0.006391835889047903
20250910,NO_CANDIDATE,20250910,,,9470308.075283812,0.0,NO_CANDIDATE,9531230.134121867,-0.006391835889047903
20250911,NO_CANDIDATE,20250911,,,9470308.075283812,0.0,NO_CANDIDATE,9531230.134121867,-0.006391835889047903
20250912,NO_CANDIDATE,20250912,,,9470308.075283812,0.0,NO_CANDIDATE,9531230.134121867,-0.006391835889047903
20250915,NO_CANDIDATE,20250915,,,9470308.075283812,0.0,NO_CANDIDATE,9531230.134121867,-0.006391835889047903
20250916,NO_CANDIDATE,20250916,,,9470308.075283812,0.0,NO_CANDIDATE,9531230.134121867,-0.006391835889047903
20250917,NO_CANDIDATE,20250917,,,9470308.075283812,0.0,NO_CANDIDATE,9531230.134121867,-0.006391835889047903
20250918,NO_CANDIDATE,20250918,,,9470308.075283812,0.0,NO_CANDIDATE,9531230.134121867,-0.006391835889047903
20250919,NO_CANDIDATE,20250919,,,9470308.075283812,0.0,NO_CANDIDATE,9531230.134121867,-0.006391835889047903
20250922,NO_CANDIDATE,20250922,,,9470308.075283812,0.0,NO_CANDIDATE,9531230.134121867,-0.006391835889047903
20250923,NO_CANDIDATE,20250923,,,9470308.075283812,0.0,NO_CANDIDATE,9531230.134121867,-0.006391835889047903
20250924,NO_CANDIDATE,20250924,,,9470308.075283812,0.0,NO_CANDIDATE,9531230.134121867,-0.006391835889047903
20250925,NO_CANDIDATE,20250925,,,9470308.075283812,0.0,NO_CANDIDATE,9531230.134121867,-0.006391835889047903
20250926,NO_CANDIDATE,20250926,,,9470308.075283812,0.0,NO_CANDIDATE,9531230.134121867,-0.006391835889047903
20250929,NO_CANDIDATE,20250929,,,9470308.075283812,0.0,NO_CANDIDATE,9531230.134121867,-0.006391835889047903
20250930,NO_CANDIDATE,20250930,,,9470308.075283812,0.0,NO_CANDIDATE,9531230.134121867,-0.006391835889047903
20251009,NO_CANDIDATE,20251009,,,9470308.075283812,0.0,NO_CANDIDATE,9531230.134121867,-0.006391835889047903
20251010,CLOSED_BY_HISTORICAL_SIM,20251010,300260.SZ,新莱应材,11271023.214466657,0.1901432482310118,CLOSED_BY_HISTORICAL_SIM,11271023.214466657,0.0
20251013,NO_CANDIDATE,20251013,,,11271023.214466657,0.0,NO_CANDIDATE,11271023.214466657,0.0
20251014,CLOSED_BY_HISTORICAL_SIM,20251014,301323.SZ,新莱福,10466173.9613397,-0.0714087122182405,CLOSED_BY_HISTORICAL_SIM,11271023.214466657,-0.07140871221824052
20251015,NO_CANDIDATE,20251015,,,10466173.9613397,0.0,NO_CANDIDATE,11271023.214466657,-0.07140871221824052
20251016,NO_CANDIDATE,20251016,,,10466173.9613397,0.0,NO_CANDIDATE,11271023.214466657,-0.07140871221824052
20251017,CLOSED_BY_HISTORICAL_SIM,20251017,300300.SZ,海峡创新,10807699.26927393,0.0326313425704338,CLOSED_BY_HISTORICAL_SIM,11271023.214466657,-0.041107531798713626
20251020,NO_CANDIDATE,20251020,,,10807699.26927393,0.0,NO_CANDIDATE,11271023.214466657,-0.041107531798713626
20251021,CLOSED_BY_HISTORICAL_SIM,20251021,301231.SZ,荣信文化,12172597.32706658,0.1262894186622149,CLOSED_BY_HISTORICAL_SIM,12172597.32706658,0.0
20251022,NO_CANDIDATE,20251022,,,12172597.32706658,0.0,NO_CANDIDATE,12172597.32706658,0.0
20251023,NO_CANDIDATE,20251023,,,12172597.32706658,0.0,NO_CANDIDATE,12172597.32706658,0.0
20251024,NO_CANDIDATE,20251024,,,12172597.32706658,0.0,NO_CANDIDATE,12172597.32706658,0.0
20251027,NO_CANDIDATE,20251027,,,12172597.32706658,0.0,NO_CANDIDATE,12172597.32706658,0.0
20251028,REVIEW_REQUIRED_PLAN_ONLY,20251028,920748.BJ,路桥信息,12172597.32706658,0.0,REVIEW_REQUIRED_PLAN_ONLY,12172597.32706658,0.0
20251029,NO_CANDIDATE,20251029,,,12172597.32706658,0.0,NO_CANDIDATE,12172597.32706658,0.0
20251030,NO_CANDIDATE,20251030,,,12172597.32706658,0.0,NO_CANDIDATE,12172597.32706658,0.0
20251031,CLOSED_BY_HISTORICAL_SIM,20251031,300204.SZ,舒泰神,11663582.160228258,-0.0418164795204794,CLOSED_BY_HISTORICAL_SIM,12172597.32706658,-0.0418164795204794
20251103,POSITION_OCCUPIED_SKIP,20251103,300455.SZ,航天智装,11663582.160228258,0.0,POSITION_OCCUPIED_SKIP,12172597.32706658,-0.0418164795204794
20251104,CLOSED_BY_HISTORICAL_SIM,20251104,300402.SZ,宝色股份,11674172.10844063,0.0009079498962577,CLOSED_BY_HISTORICAL_SIM,12172597.32706658,-0.04094649689246421
20251105,NO_CANDIDATE,20251105,,,11674172.10844063,0.0,NO_CANDIDATE,12172597.32706658,-0.04094649689246421
20251106,CLOSED_BY_HISTORICAL_SIM,20251106,300437.SZ,清水源,15779664.960152607,0.3516731476610349,CLOSED_BY_HISTORICAL_SIM,15779664.960152607,0.0
20251107,POSITION_OCCUPIED_SKIP,20251107,300102.SZ,乾照光电,15779664.960152607,0.0,POSITION_OCCUPIED_SKIP,15779664.960152607,0.0
20251110,CLOSED_BY_HISTORICAL_SIM,20251110,300997.SZ,欢乐家,17764262.332472075,0.1257692972145509,CLOSED_BY_HISTORICAL_SIM,17764262.332472075,0.0
20251111,NO_CANDIDATE,20251111,,,17764262.332472075,0.0,NO_CANDIDATE,17764262.332472075,0.0
20251112,NO_CANDIDATE,20251112,,,17764262.332472075,0.0,NO_CANDIDATE,17764262.332472075,0.0
20251113,NO_CANDIDATE,20251113,,,17764262.332472075,0.0,NO_CANDIDATE,17764262.332472075,0.0
20251114,NO_CANDIDATE,20251114,,,17764262.332472075,0.0,NO_CANDIDATE,17764262.332472075,0.0
20251117,NO_CANDIDATE,20251117,,,17764262.332472075,0.0,NO_CANDIDATE,17764262.332472075,0.0
20251118,NO_CANDIDATE,20251118,,,17764262.332472075,0.0,NO_CANDIDATE,17764262.332472075,0.0
20251119,NO_CANDIDATE,20251119,,,17764262.332472075,0.0,NO_CANDIDATE,17764262.332472075,0.0
20251120,CLOSED_BY_HISTORICAL_SIM,20251120,301092.SZ,争光股份,16866908.02139576,-0.0505145833968012,CLOSED_BY_HISTORICAL_SIM,17764262.332472075,-0.05051458339680115
20251121,POSITION_OCCUPIED_SKIP,20251121,301171.SZ,易点天下,16866908.02139576,0.0,POSITION_OCCUPIED_SKIP,17764262.332472075,-0.05051458339680115
20251124,NO_CANDIDATE,20251124,,,16866908.02139576,0.0,NO_CANDIDATE,17764262.332472075,-0.05051458339680115
20251125,REVIEW_REQUIRED_PLAN_ONLY,20251125,301117.SZ,佳缘科技,16866908.02139576,0.0,REVIEW_REQUIRED_PLAN_ONLY,17764262.332472075,-0.05051458339680115
20251126,NO_CANDIDATE,20251126,,,16866908.02139576,0.0,NO_CANDIDATE,17764262.332472075,-0.05051458339680115
20251127,NO_CANDIDATE,20251127,,,16866908.02139576,0.0,NO_CANDIDATE,17764262.332472075,-0.05051458339680115
20251128,NO_CANDIDATE,20251128,,,16866908.02139576,0.0,NO_CANDIDATE,17764262.332472075,-0.05051458339680115
20251201,NO_CANDIDATE,20251201,,,16866908.02139576,0.0,NO_CANDIDATE,17764262.332472075,-0.05051458339680115
20251202,NO_CANDIDATE,20251202,,,16866908.02139576,0.0,NO_CANDIDATE,17764262.332472075,-0.05051458339680115
20251203,NO_CANDIDATE,20251203,,,16866908.02139576,0.0,NO_CANDIDATE,17764262.332472075,-0.05051458339680115
20251204,CLOSED_BY_HISTORICAL_SIM,20251204,300946.SZ,恒而达,17358999.212824896,0.0291749495998269,CLOSED_BY_HISTORICAL_SIM,17764262.332472075,-0.02281339422163231
20251205,NO_CANDIDATE,20251205,,,17358999.212824896,0.0,NO_CANDIDATE,17764262.332472075,-0.02281339422163231
20251208,NO_CANDIDATE,20251208,,,17358999.212824896,0.0,NO_CANDIDATE,17764262.332472075,-0.02281339422163231
20251209,NO_CANDIDATE,20251209,,,17358999.212824896,0.0,NO_CANDIDATE,17764262.332472075,-0.02281339422163231
20251210,NO_CANDIDATE,20251210,,,17358999.212824896,0.0,NO_CANDIDATE,17764262.332472075,-0.02281339422163231
20251211,NO_CANDIDATE,20251211,,,17358999.212824896,0.0,NO_CANDIDATE,17764262.332472075,-0.02281339422163231
20251212,CLOSED_BY_HISTORICAL_SIM,20251212,920576.BJ,天力复合,20506417.98761618,0.181313377355646,CLOSED_BY_HISTORICAL_SIM,20506417.98761618,0.0
20251215,POSITION_OCCUPIED_SKIP,20251215,920665.BJ,科强股份,20506417.98761618,0.0,POSITION_OCCUPIED_SKIP,20506417.98761618,0.0
20251216,NO_CANDIDATE,20251216,,,20506417.98761618,0.0,NO_CANDIDATE,20506417.98761618,0.0
20251217,NO_CANDIDATE,20251217,,,20506417.98761618,0.0,NO_CANDIDATE,20506417.98761618,0.0
20251218,NO_CANDIDATE,20251218,,,20506417.98761618,0.0,NO_CANDIDATE,20506417.98761618,0.0
20251219,REVIEW_REQUIRED_PLAN_ONLY,20251219,300557.SZ,理工光科,20506417.98761618,0.0,REVIEW_REQUIRED_PLAN_ONLY,20506417.98761618,0.0
20251222,NO_CANDIDATE,20251222,,,20506417.98761618,0.0,NO_CANDIDATE,20506417.98761618,0.0
20251223,NO_CANDIDATE,20251223,,,20506417.98761618,0.0,NO_CANDIDATE,20506417.98761618,0.0
20251224,NO_CANDIDATE,20251224,,,20506417.98761618,0.0,NO_CANDIDATE,20506417.98761618,0.0
20251225,NO_CANDIDATE,20251225,,,20506417.98761618,0.0,NO_CANDIDATE,20506417.98761618,0.0
20251226,NO_CANDIDATE,20251226,,,20506417.98761618,0.0,NO_CANDIDATE,20506417.98761618,0.0
20251229,NO_CANDIDATE,20251229,,,20506417.98761618,0.0,NO_CANDIDATE,20506417.98761618,0.0
20251230,NO_CANDIDATE,20251230,,,20506417.98761618,0.0,NO_CANDIDATE,20506417.98761618,0.0
20251231,CLOSED_BY_HISTORICAL_SIM,20251231,300058.SZ,蓝色光标,23189783.795850884,0.1308549259970799,CLOSED_BY_HISTORICAL_SIM,23189783.795850884,0.0
20260105,NO_CANDIDATE,20260105,,,23189783.795850884,0.0,NO_CANDIDATE,23189783.795850884,0.0
20260106,NO_CANDIDATE,20260106,,,23189783.795850884,0.0,NO_CANDIDATE,23189783.795850884,0.0
20260107,NO_CANDIDATE,20260107,,,23189783.795850884,0.0,NO_CANDIDATE,23189783.795850884,0.0
20260108,NO_CANDIDATE,20260108,,,23189783.795850884,0.0,NO_CANDIDATE,23189783.795850884,0.0
20260109,NO_CANDIDATE,20260109,,,23189783.795850884,0.0,NO_CANDIDATE,23189783.795850884,0.0
20260112,NO_CANDIDATE,20260112,,,23189783.795850884,0.0,NO_CANDIDATE,23189783.795850884,0.0
20260113,NO_CANDIDATE,20260113,,,23189783.795850884,0.0,NO_CANDIDATE,23189783.795850884,0.0
20260114,NO_CANDIDATE,20260114,,,23189783.795850884,0.0,NO_CANDIDATE,23189783.795850884,0.0
20260115,CLOSED_BY_HISTORICAL_SIM,20260115,301629.SZ,矽电股份,22405241.862726048,-0.0338313603969523,CLOSED_BY_HISTORICAL_SIM,23189783.795850884,-0.03383136039695234
20260116,NO_CANDIDATE,20260116,,,22405241.862726048,0.0,NO_CANDIDATE,23189783.795850884,-0.03383136039695234
20260119,CLOSED_BY_HISTORICAL_SIM,20260119,300658.SZ,延江股份,23931429.514151923,0.0681174370165976,CLOSED_BY_HISTORICAL_SIM,23931429.514151923,0.0
20260120,NO_CANDIDATE,20260120,,,23931429.514151923,0.0,NO_CANDIDATE,23931429.514151923,0.0
20260121,NO_CANDIDATE,20260121,,,23931429.514151923,0.0,NO_CANDIDATE,23931429.514151923,0.0
20260122,NO_CANDIDATE,20260122,,,23931429.514151923,0.0,NO_CANDIDATE,23931429.514151923,0.0
20260123,CLOSED_BY_HISTORICAL_SIM,20260123,920368.BJ,连城数控,26390929.18645969,0.1027727855059111,CLOSED_BY_HISTORICAL_SIM,26390929.18645969,0.0
20260126,NO_CANDIDATE,20260126,,,26390929.18645969,0.0,NO_CANDIDATE,26390929.18645969,0.0
20260127,NO_CANDIDATE,20260127,,,26390929.18645969,0.0,NO_CANDIDATE,26390929.18645969,0.0
20260128,CLOSED_BY_HISTORICAL_SIM,20260128,300164.SZ,通源石油,27598910.160904326,0.0457725821591917,CLOSED_BY_HISTORICAL_SIM,27598910.160904326,0.0
20260129,NO_CANDIDATE,20260129,,,27598910.160904326,0.0,NO_CANDIDATE,27598910.160904326,0.0
20260130,NO_CANDIDATE,20260130,,,27598910.160904326,0.0,NO_CANDIDATE,27598910.160904326,0.0
20260202,NO_CANDIDATE,20260202,,,27598910.160904326,0.0,NO_CANDIDATE,27598910.160904326,0.0
20260203,NO_CANDIDATE,20260203,,,27598910.160904326,0.0,NO_CANDIDATE,27598910.160904326,0.0
20260204,NO_CANDIDATE,20260204,,,27598910.160904326,0.0,NO_CANDIDATE,27598910.160904326,0.0
20260205,NO_CANDIDATE,20260205,,,27598910.160904326,0.0,NO_CANDIDATE,27598910.160904326,0.0
20260206,NO_CANDIDATE,20260206,,,27598910.160904326,0.0,NO_CANDIDATE,27598910.160904326,0.0
20260209,NO_CANDIDATE,20260209,,,27598910.160904326,0.0,NO_CANDIDATE,27598910.160904326,0.0
20260210,NO_CANDIDATE,20260210,,,27598910.160904326,0.0,NO_CANDIDATE,27598910.160904326,0.0
20260211,NO_CANDIDATE,20260211,,,27598910.160904326,0.0,NO_CANDIDATE,27598910.160904326,0.0
20260212,NO_CANDIDATE,20260212,,,27598910.160904326,0.0,NO_CANDIDATE,27598910.160904326,0.0
20260213,NO_CANDIDATE,20260213,,,27598910.160904326,0.0,NO_CANDIDATE,27598910.160904326,0.0
20260224,NO_CANDIDATE,20260224,,,27598910.160904326,0.0,NO_CANDIDATE,27598910.160904326,0.0
20260225,NO_CANDIDATE,20260225,,,27598910.160904326,0.0,NO_CANDIDATE,27598910.160904326,0.0
20260226,CLOSED_BY_HISTORICAL_SIM,20260226,300499.SZ,高澜股份,28134187.934033994,0.0193948880593092,CLOSED_BY_HISTORICAL_SIM,28134187.934033994,0.0
20260227,POSITION_OCCUPIED_SKIP,20260227,301226.SZ,祥明智能,28134187.934033994,0.0,POSITION_OCCUPIED_SKIP,28134187.934033994,0.0
20260302,NO_CANDIDATE,20260302,,,28134187.934033994,0.0,NO_CANDIDATE,28134187.934033994,0.0
20260303,NO_CANDIDATE,20260303,,,28134187.934033994,0.0,NO_CANDIDATE,28134187.934033994,0.0
20260304,NO_CANDIDATE,20260304,,,28134187.934033994,0.0,NO_CANDIDATE,28134187.934033994,0.0
20260305,NO_CANDIDATE,20260305,,,28134187.934033994,0.0,NO_CANDIDATE,28134187.934033994,0.0
20260306,NO_CANDIDATE,20260306,,,28134187.934033994,0.0,NO_CANDIDATE,28134187.934033994,0.0
20260309,REVIEW_REQUIRED_PLAN_ONLY,20260309,301606.SZ,绿联科技,28134187.934033994,0.0,REVIEW_REQUIRED_PLAN_ONLY,28134187.934033994,0.0
20260310,NO_CANDIDATE,20260310,,,28134187.934033994,0.0,NO_CANDIDATE,28134187.934033994,0.0
20260311,NO_CANDIDATE,20260311,,,28134187.934033994,0.0,NO_CANDIDATE,28134187.934033994,0.0
20260312,NO_CANDIDATE,20260312,,,28134187.934033994,0.0,NO_CANDIDATE,28134187.934033994,0.0
20260313,NO_CANDIDATE,20260313,,,28134187.934033994,0.0,NO_CANDIDATE,28134187.934033994,0.0
20260316,NO_CANDIDATE,20260316,,,28134187.934033994,0.0,NO_CANDIDATE,28134187.934033994,0.0
20260317,NO_CANDIDATE,20260317,,,28134187.934033994,0.0,NO_CANDIDATE,28134187.934033994,0.0
20260318,NO_CANDIDATE,20260318,,,28134187.934033994,0.0,NO_CANDIDATE,28134187.934033994,0.0
20260319,NO_CANDIDATE,20260319,,,28134187.934033994,0.0,NO_CANDIDATE,28134187.934033994,0.0
20260320,NO_CANDIDATE,20260320,,,28134187.934033994,0.0,NO_CANDIDATE,28134187.934033994,0.0
20260323,NO_CANDIDATE,20260323,,,28134187.934033994,0.0,NO_CANDIDATE,28134187.934033994,0.0
20260324,NO_CANDIDATE,20260324,,,28134187.934033994,0.0,NO_CANDIDATE,28134187.934033994,0.0
20260325,NO_CANDIDATE,20260325,,,28134187.934033994,0.0,NO_CANDIDATE,28134187.934033994,0.0
20260326,NO_CANDIDATE,20260326,,,28134187.934033994,0.0,NO_CANDIDATE,28134187.934033994,0.0
20260327,CLOSED_BY_HISTORICAL_SIM,20260327,300204.SZ,舒泰神,29252855.27068981,0.0397618491523106,CLOSED_BY_HISTORICAL_SIM,29252855.27068981,0.0
20260330,NO_CANDIDATE,20260330,,,29252855.27068981,0.0,NO_CANDIDATE,29252855.27068981,0.0
20260331,NO_CANDIDATE,20260331,,,29252855.27068981,0.0,NO_CANDIDATE,29252855.27068981,0.0
20260401,NO_CANDIDATE,20260401,,,29252855.27068981,0.0,NO_CANDIDATE,29252855.27068981,0.0
20260402,NO_CANDIDATE,20260402,,,29252855.27068981,0.0,NO_CANDIDATE,29252855.27068981,0.0
20260403,NO_CANDIDATE,20260403,,,29252855.27068981,0.0,NO_CANDIDATE,29252855.27068981,0.0
20260407,NO_CANDIDATE,20260407,,,29252855.27068981,0.0,NO_CANDIDATE,29252855.27068981,0.0
20260408,NO_CANDIDATE,20260408,,,29252855.27068981,0.0,NO_CANDIDATE,29252855.27068981,0.0
20260409,CLOSED_BY_HISTORICAL_SIM,20260409,300489.SZ,光智科技,31670976.676684484,0.0826627480845445,CLOSED_BY_HISTORICAL_SIM,31670976.676684484,0.0
20260410,NO_CANDIDATE,20260410,,,31670976.676684484,0.0,NO_CANDIDATE,31670976.676684484,0.0
20260413,NO_CANDIDATE,20260413,,,31670976.676684484,0.0,NO_CANDIDATE,31670976.676684484,0.0
20260414,CLOSED_BY_HISTORICAL_SIM,20260414,301189.SZ,奥尼电子,30562327.257825978,-0.0350052172427846,CLOSED_BY_HISTORICAL_SIM,31670976.676684484,-0.0350052172427846
20260415,POSITION_OCCUPIED_SKIP,20260415,301189.SZ,奥尼电子,30562327.257825978,0.0,POSITION_OCCUPIED_SKIP,31670976.676684484,-0.0350052172427846
20260416,NO_CANDIDATE,20260416,,,30562327.257825978,0.0,NO_CANDIDATE,31670976.676684484,-0.0350052172427846
20260417,CLOSED_BY_HISTORICAL_SIM,20260417,301319.SZ,唯特偶,31640590.86190715,0.0352808081329955,CLOSED_BY_HISTORICAL_SIM,31670976.676684484,-0.0009594214629857767
