signal_date,status,strategy_leg,ts_code,name,buy_date,exit_date,account_return,equity_before,equity_after,blocked_by_leg,blocked_by_code,blocked_until,return_source,n_rule_id,n_branch,peak_equity,drawdown
20240524,EXECUTED,N,301389.SZ,隆扬电子,20240527,20240528,-0.09409639637482897,751259.155571708,680568.3762888133,,,,N:T+1开盘/T+2收盘;双边0.1%滑点;显式费用;82.5%仓位,market_chain_count_bucket=3_8;market_emotion_state_bucket=mixed|amount_desc,SUPPLEMENT,751259.155571708,-0.09409639637482892
20240625,EXECUTED,N,600216.SH,浙江医药,20240626,20240627,0.010811263925729403,1164541.3414454137,1177131.5052402029,,,,N:T+1开盘/T+2收盘;双边0.1%滑点;显式费用;82.5%仓位,market_chain_count_bucket=3_8;market_emotion_state_bucket=mixed|amount_desc,SUPPLEMENT,1187758.8200528733,-0.00894736762484949
20240710,EXECUTED,N,002920.SZ,德赛西威,20240711,20240712,0.025688250554733852,1173832.680158616,1203986.3881558653,,,,N:T+1开盘/T+2收盘;双边0.1%滑点;显式费用;82.5%仓位,market_chain_count_bucket=3_8;market_emotion_state_bucket=mixed|amount_desc,SUPPLEMENT,1203986.3881558653,0.0
20240716,EXECUTED,N,688256.SH,寒武纪-U,20240717,20240718,0.01691101070099263,1240114.648112385,1261086.2401970713,,,,N:T+1开盘/T+2收盘;双边0.1%滑点;显式费用;82.5%仓位,market_chain_count_bucket=3_8;market_emotion_state_bucket=mixed|amount_desc,SUPPLEMENT,1261086.2401970713,0.0
20240725,EXECUTED,N,600611.SH,大众交通,20240726,20240729,0.10431391400093823,1565243.1281047403,1728519.7651604176,,,,N:T+1开盘/T+2收盘;双边0.1%滑点;显式费用;82.5%仓位,market_chain_count_bucket=3_8;market_emotion_state_bucket=mixed|amount_desc,SUPPLEMENT,1728519.7651604176,0.0
20240812,EXECUTED,N,300147.SZ,香雪制药,20240813,20240814,0.05381094230769235,2117717.481881747,2231673.8551232773,,,,N:T+1开盘/T+2收盘;双边0.1%滑点;显式费用;82.5%仓位,market_chain_count_bucket=3_8;market_emotion_state_bucket=mixed|amount_desc,SUPPLEMENT,2231673.8551232773,0.0
20240822,EXECUTED,N,000810.SZ,创维数字,20240823,20240826,0.14622978450281438,2275649.1021469096,2608416.779957875,,,,N:T+1开盘/T+2收盘;双边0.1%滑点;显式费用;82.5%仓位,market_chain_count_bucket=3_8;market_emotion_state_bucket=mixed|amount_desc,SUPPLEMENT,2608416.779957875,0.0
20240912,EXECUTED,N,000158.SZ,常山北明,20240913,20240918,0.0858307811566468,2855109.396459035,3100165.6662447965,,,,N:T+1开盘/T+2收盘;双边0.1%滑点;显式费用;82.5%仓位,market_chain_count_bucket=3_8;market_emotion_state_bucket=mixed|amount_desc,SUPPLEMENT,3100165.6662447965,0.0
20241010,EXECUTED,N,002423.SZ,中粮资本,20241011,20241014,0.1248675056947892,4938792.046904521,5555486.690946751,,,,N:T+1开盘/T+2收盘;双边0.1%滑点;显式费用;82.5%仓位,market_chain_count_bucket=3_8;market_emotion_state_bucket=mixed|amount_desc,SUPPLEMENT,5555486.690946751,0.0
20250327,EXECUTED,N,300260.SZ,新莱应材,20250328,20250331,-0.052395094850065,83026169.70290813,78676005.66628666,,,,N:T+1开盘/T+2收盘;双边0.1%滑点;显式费用;82.5%仓位,market_chain_count_bucket=3_8;market_emotion_state_bucket=mixed|amount_desc,SUPPLEMENT,83026169.70290813,-0.052395094850064994
20250402,EXECUTED,N,002549.SZ,凯美特气,20250403,20250407,0.09834792692307696,72153458.16902277,79249601.2002771,,,,N:T+1开盘/T+2收盘;双边0.1%滑点;显式费用;82.5%仓位,market_chain_count_bucket=3_8;market_emotion_state_bucket=mixed|amount_desc,SUPPLEMENT,83026169.70290813,-0.045486483552651946
20250512,EXECUTED,N,302132.SZ,中航成飞,20250513,20250514,-0.04870750329256811,215072194.66078365,204596565.0312037,,,,N:T+1开盘/T+2收盘;双边0.1%滑点;显式费用;82.5%仓位,market_chain_count_bucket=3_8;market_emotion_state_bucket=mixed|amount_desc,SUPPLEMENT,215072194.66078365,-0.04870750329256812
20250613,EXECUTED,N,002190.SZ,成飞集成,20250616,20250617,0.011490760853008595,294392290.77567685,297775082.1859495,,,,N:T+1开盘/T+2收盘;双边0.1%滑点;显式费用;82.5%仓位,market_chain_count_bucket=3_8;market_emotion_state_bucket=mixed|amount_desc,SUPPLEMENT,314656319.50799483,-0.05364976412500244
20251015,EXECUTED,N,002050.SZ,三花智控,20251016,20251017,0.0228601752197803,715116297.7527804,731463981.6219296,,,,N:T+1开盘/T+2收盘;双边0.1%滑点;显式费用;82.5%仓位,market_chain_count_bucket=3_8;market_emotion_state_bucket=mixed|amount_desc,SUPPLEMENT,758230143.2740072,-0.03530084089838781
20251217,EXECUTED,N,002837.SZ,英维克,20251218,20251219,-0.03656252036627723,1598622267.9642184,1540172608.7337923,,,,N:T+1开盘/T+2收盘;双边0.1%滑点;显式费用;82.5%仓位,market_chain_count_bucket=3_8;market_emotion_state_bucket=mixed|amount_desc,SUPPLEMENT,1598622267.9642184,-0.036562520366277274
20260206,EXECUTED,N,002506.SZ,协鑫集成,20260209,20260210,0.036329167024211004,2493865138.6449833,2584465181.802674,,,,N:T+1开盘/T+2收盘;双边0.1%滑点;显式费用;82.5%仓位,market_chain_count_bucket=3_8;market_emotion_state_bucket=mixed|amount_desc,SUPPLEMENT,2584465181.802674,0.0
20260305,EXECUTED,N,002195.SZ,岩山科技,20260306,20260309,-0.012144509106492285,2862694020.976141,2827928007.3692956,,,,N:T+1开盘/T+2收盘;双边0.1%滑点;显式费用;82.5%仓位,market_chain_count_bucket=3_8;market_emotion_state_bucket=mixed|amount_desc,SUPPLEMENT,2909230234.2718472,-0.027946302064642436
20260316,EXECUTED,N,603986.SH,兆易创新,20260317,20260318,0.009760527999121676,2922395849.909918,2950919976.4274807,,,,N:T+1开盘/T+2收盘;双边0.1%滑点;显式费用;82.5%仓位,market_chain_count_bucket=3_8;market_emotion_state_bucket=mixed|amount_desc,SUPPLEMENT,2950919976.4274807,0.0
20260318,EXECUTED,N,002565.SZ,顺灏股份,20260319,20260320,-0.056273556737175524,2950919976.4274807,2784861213.707124,,,,N:T+1开盘/T+2收盘;双边0.1%滑点;显式费用;82.5%仓位,market_chain_count_bucket=3_8;market_emotion_state_bucket=mixed|amount_desc,SUPPLEMENT,2950919976.4274807,-0.05627355673717549
20260413,EXECUTED,N,002436.SZ,兴森科技,20260414,20260415,-0.012199524019215213,4241714739.759574,4189967838.909218,,,,N:T+1开盘/T+2收盘;双边0.1%滑点;显式费用;82.5%仓位,market_chain_count_bucket=3_8;market_emotion_state_bucket=mixed|amount_desc,SUPPLEMENT,4241714739.759574,-0.012199524019215202
20260421,EXECUTED,N,002361.SZ,神剑股份,20260422,20260423,0.01642090166278506,4196644007.237646,4265556685.7942114,,,,N:T+1开盘/T+2收盘;双边0.1%滑点;显式费用;82.5%仓位,market_chain_count_bucket=3_8;market_emotion_state_bucket=mixed|amount_desc,SUPPLEMENT,4265556685.7942114,0.0
